n_replicates,DepMap_ID,cell_line_SSMD,culture_type,culture_medium,aliases,CCLE_name,primary_tissue,secondary_tissue,tertiary_tissue,cas9_activity
2,ACH-000007,-1.5781172909975818,Adherent,RPMI 1640 + 10% FBS,LS513,LS513_LARGE_INTESTINE,colorectal,,,52.3
3,ACH-000009,-1.1234221856265931,Adherent,D10+ITS+Glu,C2BBe1,C2BBE1_LARGE_INTESTINE,colorectal,,,5.8
1,ACH-000011,-1.837362198674908,Adherent,DMEM: 90.0%,253J,253J_URINARY_TRACT,urinary_tract,,,11
3,ACH-000012,-2.0951554614571197,Adherentepithelialdensity >30%,RPMI; 10% FBS,HCC827,HCC827_LUNG,lung,lung_NSC,lung_adenocarcinoma,12.7
2,ACH-000013,-1.3904593417862694,Adherent,RPMI; 10% FBS,ONCO-DG-1,ONCODG1_OVARY,ovary,ovary_adenocarcinoma,ovary_high_grade_serous,8
2,ACH-000015,-1.5906947445543251,Adherent,DMEM:F12 (1:1); 5% FBS,"NCI-H1581, NCI-H2077",NCIH1581_LUNG,lung,lung_NSC,lung_large,52.8
2,ACH-000017,-1.188378929762899,Semi-adherent,McCoy's 5A; 10% FBS,SK-BR-3,SKBR3_BREAST,breast,HER2Amp,,27.1
2,ACH-000018,-1.456701237384612,Adherent,McCoy 5A: 90.0%,T24,T24_URINARY_TRACT,urinary_tract,,,34.8
4,ACH-000021,-1.183480916488349,Adherent,RPMI; 10% FBS,NCI-H1693,NCIH1693_LUNG,lung,lung_NSC,lung_adenocarcinoma,14.1
2,ACH-000022,-1.351753855837497,Adherent,"DMEM: 90.0%;10%FBS, 2mMGlutamax",PA-TU-8988S,PATU8988S_PANCREAS,pancreas,,,6.3
2,ACH-000025,-1.509283363619183,Semi-adherent,DMEM; 10% FBS,CH-157MN,CH157MN_CENTRAL_NERVOUS_SYSTEM,central_nervous_system,meningioma,,7.2
3,ACH-000028,-2.414414061545697,Adherent,DMEM;10% FBS; ,KPL-1,KPL1_BREAST,breast,ERpos,,30.4
3,ACH-000030,-1.5205521605736003,Adherent,RPMI; 10% FBS,PC-14,PC14_LUNG,lung,lung_NSC,lung_adenocarcinoma,8.4
2,ACH-000035,-1.5529651298480551,Adherent,RPMI; 10% FBS,NCI-H1650,NCIH1650_LUNG,lung,lung_NSC,lung_adenocarcinoma,8.5
2,ACH-000036,-1.5464617679134751,Adherent,DMEM; 10% FBS,U343,U343_CENTRAL_NERVOUS_SYSTEM,central_nervous_system,glioma,glioblastoma,17.8
2,ACH-000037,-0.7248627512359811,Adherent,RPMI; 10% FBS,S-117,S117_THYROID,thyroid,thyroid_sarcoma,,23.6
3,ACH-000039,-0.8644646501289902,Adherent,EMEM: 10%FBS,SK-N-MC,SKNMC_BONE,bone,Ewing_sarcoma,,34.7
2,ACH-000040,-1.0038880960483676,Adherent,DMEM; 10% FBS,U-118 MG,U118MG_CENTRAL_NERVOUS_SYSTEM,central_nervous_system,glioma,astrocytoma,30.9
2,ACH-000041,-1.6788635254385371,,,RD-ES,RDES_BONE,bone,Ewing_sarcoma,,11.7
4,ACH-000042,-1.3899191650715117,Adherent,"RPMI-1640,10%FBS, 1mM sodium pyruvate",Panc 02.03,PANC0203_PANCREAS,pancreas,,,11.1
2,ACH-000045,-2.47538573277418,Suspension,IMDM; 10% FBS,"MV4;11, MV-4-11",MV411_HAEMATOPOIETIC_AND_LYMPHOID_TISSUE,leukemia,AML,,11
2,ACH-000047,-2.051655262201426,Adherent,MEM; 15% FBS,GCIY,GCIY_STOMACH,gastric,gastric_adenocarcinoma,,10.4
2,ACH-000052,-1.0171007661940843,Adherent,DMEM; 10% FBS,A-673,A673_BONE,bone,Ewing_sarcoma,,32.8
3,ACH-000053,-1.177145443732853,Suspension,RPMI 1640 + 2mM Glutamine + 20% FBS,KARPAS-299,KARPAS299_HAEMATOPOIETIC_AND_LYMPHOID_TISSUE,lymphoma,ALCL,,44.5
2,ACH-000054,-1.9048367453128852,Adherent,EMEM; 10.0% FBS,HT-1080,HT1080_SOFT_TISSUE,soft_tissue,fibrosarcoma,,14.1
2,ACH-000055,-1.6781273038008273,Semi-Adherent,E10,"D283 Med, D283",D283MED_CENTRAL_NERVOUS_SYSTEM,central_nervous_system,medulloblastoma,med_group_3,30.7
2,ACH-000060,-1.6947222251204224,Adherent,RPMI; 15% FBS; 2mM Glutamine; 1.5 g/L Sodium bicarbonate; 4.5g/L glucose; 10mM HEPES; 1mM Sodium Pyruvate; 10 units/mL Insulin,Panc 10.05,PANC1005_PANCREAS,pancreas,,,6.8
2,ACH-000067,-1.2910921076072903,Adherent,DMEM; 10% FBS,Hs 683,HS683_CENTRAL_NERVOUS_SYSTEM,central_nervous_system,glioma,oligodendroglioma,39.3
2,ACH-000070,-1.414048897617208,Suspension,RPMI; 20% heat inactive FBS,697,697_HAEMATOPOIETIC_AND_LYMPHOID_TISSUE,leukemia,B-cell_ALL,,48
2,ACH-000075,-0.8251258421041601,Adherent,EMEM; 10% FBS,U-87 MG,U87MG_CENTRAL_NERVOUS_SYSTEM,central_nervous_system,glioma,astrocytoma,37.9
3,ACH-000078,-1.9232378063561304,Semi-Adherent,RPMI-1640: 10%FBS,MHH-NB-11,MHHNB11_AUTONOMIC_GANGLIA,peripheral_nervous_system,neuroblastoma,,39.7
2,ACH-000082,-1.1277036752430147,Adherent,M10,"G-292, clone A141B1, G292CLONEA141B1, G-292 clone A141B1",G292CLONEA141B1_BONE,bone,osteosarcoma,,24.8
1,ACH-000085,-1.3115881439072858,Adherent,Ham F-10: 90.0%;10%FBS,T3M-4,T3M4_PANCREAS,pancreas,,,7.1
2,ACH-000086,-2.013011147811329,Adherent,R10+Glutamax-1;sodium pyruvate,ACC-MESO-1,ACCMESO1_PLEURA,mesothelioma,,,21.4
2,ACH-000087,-1.4031682988734528,,,SK-ES-1,SKES1_BONE,bone,Ewing_sarcoma,,42
2,ACH-000092,-1.1424131290643114,Adherent,RPMI; 10% FBS,NCI-H2452,NCIH2452_PLEURA,mesothelioma,,,14.3
3,ACH-000095,-1.798387811032728,Semi-Adherent,DMEM:F12 (1:1); 15% FBS,"D341, D341MED",D341MED_CENTRAL_NERVOUS_SYSTEM,central_nervous_system,medulloblastoma,med_group_3,4.4
2,ACH-000097,-1.5246593955156922,Adherent,RPMI; 10% FBS,ZR-75-1,ZR751_BREAST,breast,ERpos,,20.9
2,ACH-000098,-1.0546690208265028,Adherent,"DMEM, 10%FBS, 2mM Glutamax-1",GAMG,GAMG_CENTRAL_NERVOUS_SYSTEM,central_nervous_system,glioma,glioblastoma,8.9
3,ACH-000099,-2.1452412942079597,Adherent,RPMI-1640: 10%FBS,SIMA,SIMA_AUTONOMIC_GANGLIA,peripheral_nervous_system,neuroblastoma,,41
3,ACH-000108,-1.0705946445759649,Adherent,RPMI-1640: 10%FBS,KP-3,KP3_PANCREAS,pancreas,,,30.9
2,ACH-000113,-2.0515439967411124,Suspension,"MEMalpha, 20% FBS",OCI-AML2,OCIAML2_HAEMATOPOIETIC_AND_LYMPHOID_TISSUE,leukemia,AML,,42.1
2,ACH-000116,-1.5348704483088442,Adherent,DMEM; 10% FBS,OAW28,OAW28_OVARY,ovary,ovary_adenocarcinoma,ovary_high_grade_serous,49.9
4,ACH-000118,-2.584950269365491,Adherent,MEM; 10% FBS,HUP-T3,HUPT3_PANCREAS,pancreas,,,29.8
4,ACH-000120,-1.6972741476014992,Adherent,EMEM:F12 (1:1); 10% FBS,CHP-212,CHP212_AUTONOMIC_GANGLIA,peripheral_nervous_system,neuroblastoma,,54.8
3,ACH-000123,-2.1477576317154043,Adherent,DMEM; 10% FBS; 2mM L-glutamine,COV434,COV434_OVARY,ovary,ovary_adenocarcinoma,ovary_endometrioid,57
1,ACH-000127,-1.669697288103672,Adherent,RPMI; 10% FBS,SLR 20,SLR20_KIDNEY,kidney,,,12
2,ACH-000128,-1.4023875117294655,Adherent,DMEM: 90.0%,LN-319,LN319_CENTRAL_NERVOUS_SYSTEM,central_nervous_system,glioma,astrocytoma,31.2
1,ACH-000132,-1.1808981134121677,Adherent,DMEM/F12 (1:1);10 % FBS; ,JHOS-2,JHOS2_OVARY,ovary,ovary_adenocarcinoma,ovary_high_grade_serous,16.2
2,ACH-000133,-1.312287054647474,Adherent,DMEM; 5% FBS,Hs 729,HS729_SOFT_TISSUE,fibroblast,,,28
2,ACH-000137,-0.8697676467582434,Adherent,EMEM: 80.0%,8-MG-BA,8MGBA_CENTRAL_NERVOUS_SYSTEM,central_nervous_system,glioma,astrocytoma,45.7
3,ACH-000138,-1.356132561535899,Adherent,DMEM; 10% FBS,CFPAC-1,CFPAC1_PANCREAS,pancreas,,,32.9
2,ACH-000142,-1.4798505426245117,Adherent,DMEM; 10% FBS,CAL-29,CAL29_URINARY_TRACT,urinary_tract,,,17.2
2,ACH-000143,-1.6746951872816769,Adherent,RPMI; 10% FBS,,HCC2429_LUNG,lung,lung_NSC,,24.6
3,ACH-000146,-0.9557421548151576,Suspension,RPMI-1640: 10%FBS; BME (0.05mM),THP-1,THP1_HAEMATOPOIETIC_AND_LYMPHOID_TISSUE,leukemia,AML,,34.4
3,ACH-000148,-1.3918884588598608,Adherent,DMEM; 10% FBS,Hs 578T,HS578T_BREAST,breast,TNBC,,29.1
1,ACH-000150,-1.9242486768178824,Adherent,RPMI-1640: 10%FBS,HCC2935,HCC2935_LUNG,lung,lung_NSC,lung_adenocarcinoma,16.8
2,ACH-000152,-1.1436995868785838,Adherent,DMEM/F12 (1:1);10 % FBS; ,M059K,M059K_CENTRAL_NERVOUS_SYSTEM,central_nervous_system,glioma,glioblastoma,25.5
1,ACH-000153,-0.9022475515480876,Adherent,RPMI; 10% FBS,NCI-H2052,NCIH2052_PLEURA,mesothelioma,,,30.5
2,ACH-000159,-1.187114207572224,Adherent,RPMI;10% FBS; ,OS-RC-2,OSRC2_KIDNEY,kidney,,,19.4
2,ACH-000163,-0.8885946885242324,Adherent,DMEM: 90.0%,SW579,SW579_THYROID,thyroid,,,47.5
2,ACH-000168,-1.3806345672436322,Suspension,RPMI; 10% FBS,NOMO-1,NOMO1_HAEMATOPOIETIC_AND_LYMPHOID_TISSUE,leukemia,AML,,17.8
2,ACH-000169,-1.8263936574850388,Adherent,"DMEM:HAM's F12  1:1;5% FBS; .005 mg/ml insulin, .01 mg/ml transferrin, 30nM sodium selenite, 10 nM hydrocortisone, 10 nM beta estradiol, 10 mM HEPES, 2 mM L-glutamine",RD,RD_SOFT_TISSUE,rhabdomyosarcoma,,,18.9
2,ACH-000178,-1.7423846431118348,Adherent,DMEM; 10% FBS,Hs 766T,HS766T_PANCREAS,pancreas,,,6.2
2,ACH-000183,-1.5579448253747263,Suspension,RPMI; 15% FBS,L-363,L363_HAEMATOPOIETIC_AND_LYMPHOID_TISSUE,multiple_myeloma,,,5.1
2,ACH-000188,-1.7788464259519563,,DMEM/F12 (1:1); 10 % FBS; 0.4 ug/ml hydrocortisone,SCC-25,SCC25_UPPER_AERODIGESTIVE_TRACT,upper_aerodigestive,upper_aerodigestive_squamous,,9.3
2,ACH-000189,-0.7537178291282279,Adherent,DMEM: 90.0%,RCC10RGB,RCC10RGB_KIDNEY,kidney,,,52.4
2,ACH-000190,-1.99614433187774,Adherent,90% RPMI 1640 + 10% h.i. FBS,HD-MY-Z,HDMYZ_HAEMATOPOIETIC_AND_LYMPHOID_TISSUE,lymphoma,Hodgkin_lymphoma,,21.6
2,ACH-000198,-2.3776018236728165,Suspension,RPMI-1640: 90.0%,EOL-1,EOL1_HAEMATOPOIETIC_AND_LYMPHOID_TISSUE,leukemia,AML,,29.8
1,ACH-000203,-0.6162097856478019,Adherent,RPMI-1640: 10%FBS,NH-6,NH6_AUTONOMIC_GANGLIA,peripheral_nervous_system,neuroblastoma,,55
2,ACH-000204,-1.54010839772118,Semi-adherent,IMDM; 10% FBS,LP-1,LP1_HAEMATOPOIETIC_AND_LYMPHOID_TISSUE,multiple_myeloma,,,4.8
2,ACH-000206,-1.227557247308115,Suspension,"RPMI-1640: 90.0%,10FBS+Glutamax-1",,C8166_HAEMATOPOIETIC_AND_LYMPHOID_TISSUE,lymphoma,T-cell_lymphoma_other,,20.5
2,ACH-000207,-0.8653585449223588,,EMEM: 10%FBS,Detroit 562,DETROIT562_UPPER_AERODIGESTIVE_TRACT,upper_aerodigestive,upper_aerodigestive_squamous,,18.6
2,ACH-000208,-0.7221076015130347,Adherent,DMEM; 10% FBS,U-178,U178_CENTRAL_NERVOUS_SYSTEM,central_nervous_system,glioma,glioblastoma,51.7
2,ACH-000210,-0.8186447423971446,Suspension,RPMI; 10% FBS,"CADO-ES1, CADO-ES-1",CADOES1_BONE,bone,Ewing_sarcoma,,2.2
2,ACH-000211,-1.2519435177183829,Adherent,EMEM: 90.0% 10%FBS,Daoy,DAOY_CENTRAL_NERVOUS_SYSTEM,central_nervous_system,medulloblastoma,non-MYC,8.4
2,ACH-000215,-1.424206455040827,Adherent,DMEM; 10% FBS,"LN382, LN-382",LN382_CENTRAL_NERVOUS_SYSTEM,central_nervous_system,glioma,glioblastoma,no data available
2,ACH-000221,-1.450696453622596,Adherent,RPMI; 10% FBS,SNU-398,SNU398_LIVER,liver,,,41.3
4,ACH-000222,-0.8054426158588155,Adherent,RPMI; 10% FBS,AsPC-1,ASPC1_PANCREAS,pancreas,,,57.2
2,ACH-000223,-1.2850860692795725,Adherent,RPMI-1640; 10%FBS,HCC1937,HCC1937_BREAST,breast,TNBC,,12.5
4,ACH-000226,-2.3266419321671186,Suspension,RPMI 1640 + 20% FBS,SUP-M2,SUPM2_HAEMATOPOIETIC_AND_LYMPHOID_TISSUE,lymphoma,ALCL,,46.7
3,ACH-000227,-0.9502601959209148,Adherent,RPMI-1640: 10%FBS,KP-N-YN,KPNYN_AUTONOMIC_GANGLIA,peripheral_nervous_system,neuroblastoma,,47.1
2,ACH-000228,-1.0909217713872847,Adherent,DMEM; 10% FBS,BICR 31,BICR31_UPPER_AERODIGESTIVE_TRACT,upper_aerodigestive,upper_aerodigestive_squamous,,44.3
2,ACH-000231,-1.469201911151886,Adherent,"RPMI; 5% FBS
",KALS-1,KALS1_CENTRAL_NERVOUS_SYSTEM,central_nervous_system,glioma,glioblastoma,7.2
2,ACH-000232,-2.2641833303991867,Adherent,DMEM; 10% FBS,"U-251 MG, U251-MG",U251MG_CENTRAL_NERVOUS_SYSTEM,central_nervous_system,glioma,astrocytoma,11.3
2,ACH-000233,-1.6027742318031295,Suspension,RPMI-1640: 90.0%,DEL,DEL_HAEMATOPOIETIC_AND_LYMPHOID_TISSUE,lymphoma,T-cell_lymphoma_other,,18.7
2,ACH-000234,-0.8615702852454847,Adherent,McCoy's 5A;10% FBS; ,Caki-2,CAKI2_KIDNEY,kidney,,,44.5
4,ACH-000235,-1.3355213279014293,,"RPMI-1640, 15%FBS, 20ug/ml human insulin ",Panc 04.03,PANC0403_PANCREAS,pancreas,,,16.9
3,ACH-000237,-0.8468576944000452,,DMEM:F12 (1:1); 10% FBS; 0.1mM NEAA,JHOM-1,JHOM1_OVARY,ovary,ovary_adenocarcinoma,ovary_mucinous,36.7
2,ACH-000238,-1.0896878474433558,Adherent,DMEM/F12 (1:1); 10 % FBS; 0.4 ug/ml hydrocortisone,SCC-4,SCC4_UPPER_AERODIGESTIVE_TRACT,upper_aerodigestive,upper_aerodigestive_squamous,,18.4
2,ACH-000242,-0.9646834067647396,Adherent,M10,RT4,RT4_URINARY_TRACT,urinary_tract,,,58.1
4,ACH-000243,-1.354782774672198,Adherent,RPMI-1640: 90.0%,DAN-G,DANG_PANCREAS,pancreas,,,11.5
2,ACH-000244,-1.053559964183186,Adherent,R10 + 2mM glutamine,DK-MG,DKMG_CENTRAL_NERVOUS_SYSTEM,central_nervous_system,glioma,glioblastoma,49.6
2,ACH-000246,-1.8612587603623183,Adherent,RPMI;10% FBS w/ kanamycin,SLR 23,SLR23_KIDNEY,kidney,,,17
2,ACH-000248,-1.4504519329203542,Adherent,DMEM; 10% FBS,AU565,AU565_BREAST,breast,HER2Amp,,36.2
2,ACH-000250,-1.38013276804006,Adherent,RPMI; 10% FBS,KMRC-20,KMRC20_KIDNEY,kidney,,,15.2
2,ACH-000251,-0.9265315781035136,Adherent,RPMI; 10% FBS,NCI-H2887,NCIH2887_LUNG,lung,lung_NSC,,37.8
3,ACH-000252,-1.001654414602086,Adherent,RPMI; 10% FBS,LS1034,LS1034_LARGE_INTESTINE,colorectal,,,15.7
2,ACH-000253,-1.4405108264625412,Mixed adherence ,RPMI-1640: 90.0%,COLO 201,COLO201_LARGE_INTESTINE,colorectal,,,16.6
2,ACH-000255,-2.0488088040651027,epithelial-like,HamF10+10%FBS,LMSU,LMSU_STOMACH,gastric,,,13.8
2,ACH-000256,-1.3446536542374603,Adherent,EMEM; 10% FBS,COV318,COV318_OVARY,ovary,ovary_adenocarcinoma,ovary_high_grade_serous,28.3
2,ACH-000257,-1.678091008904089,Semi-adherent,RPMI;10% FBS; 2mM GLUTAMINE,COR-L279,CORL279_LUNG,lung,lung_small,,15.1
2,ACH-000258,-0.9130848447437336,Suspension,RPMI; 10% FBS,Du4475,DU4475_BREAST,breast,TNBC,,55.9
3,ACH-000259,-1.724737727368517,Adherent,RPMI-1640: 10%FBS,KELLY,KELLY_AUTONOMIC_GANGLIA,peripheral_nervous_system,neuroblastoma,,28.3
3,ACH-000260,-1.6301222023391788,Adherent,DMEM; 10% FBS; NEAA,SK-N-AS,SKNAS_AUTONOMIC_GANGLIA,peripheral_nervous_system,neuroblastoma,,16.2
2,ACH-000261,-1.2030086573588044,Adherent,EMEM: 10% FBS,RERF-LC-AI,RERFLCAI_LUNG,lung,lung_NSC,lung_squamous,5.9
2,ACH-000262,-1.3213545453375697,Adherent,DMEM; 10% FBS,UOK101,UOK101_KIDNEY,kidney,,,38.7
2,ACH-000264,-1.0696298134847566,Adherent,EMEM: 90.0% 10%FBS,Calu-6,CALU6_LUNG,lung,lung_NSC,,8.1
4,ACH-000265,-2.5215496680483698,Adherent,DMEM:F12 (1:1); 10% FBS,KP4,KP4_PANCREAS,pancreas,,,11.7
4,ACH-000266,-1.0260448903100334,Adherent,"RPMI-1640: 10%FBS, 2mM L-glutamine",SNU-213,SNU213_PANCREAS,pancreas,,,14.2
2,ACH-000274,-1.199022793378532,Adherent,DMEM: 90.0%; 10%FBS,Hs 852.T,HS852T_SKIN,skin,melanoma,,6.1
2,ACH-000277,-1.025654826599731,Adherent,RPMI-1640: 90.0%,HCC1419,HCC1419_BREAST,breast,HER2Amp,,48.7
3,ACH-000278,-1.0593954211738292,Adherent,DMEM; 10% FBS; 2mM L-glutamine,COV362,COV362_OVARY,ovary,ovary_adenocarcinoma,ovary_high_grade_serous,16.5
2,ACH-000279,-1.2742047343471476,Adherent,RPMI; 15% FBS; 2mM glutamine,EWS502,EWS502_BONE,bone,Ewing_sarcoma,,15.7
3,ACH-000280,-1.242276776398388,Adherent,RPMI; 10% FBS,SNU-840,SNU840_OVARY,ovary,ovary_non_epithelial,Brenner_tumor,45.9
3,ACH-000281,-1.4359657728729889,Adherent,RPMI; 10% FBS,KP-2,KP2_PANCREAS,pancreas,,,15
3,ACH-000288,-1.3513383392828946,Adherent,RPMI-1640: 10% heat inactivated FBS,BT-549,BT549_BREAST,breast,TNBC,,22.6
2,ACH-000291,-1.4778390660863132,Adherent, 1:1 mixture of MCDB 105 medium with 1.5 g/L sodium bicarbonate added and Medium 199; 10% FBS,OV-90,OV90_OVARY,ovary,ovary_adenocarcinoma,ovary_high_grade_serous,12.4
2,ACH-000293,-0.9272077070802404,Adherent,"DMEM/F-12 (1:1): 900%, 10%FBS",KLE,KLE_ENDOMETRIUM,uterus,uterus_endometrium,,44
3,ACH-000294,-0.7716441798899292,Suspension,RPMI;10% FBS; ,NB-4,NB4_HAEMATOPOIETIC_AND_LYMPHOID_TISSUE,leukemia,AML,,good
2,ACH-000295,-1.0564134341756963,Suspension,RPMI-1640: 90.0%,EM-2,EM2_HAEMATOPOIETIC_AND_LYMPHOID_TISSUE,leukemia,CML,,41.9
3,ACH-000296,-1.1447619777137257,Adherent,DMEM; 10% FBS;,OUMS-23,OUMS23_LARGE_INTESTINE,colorectal,,,20.9
2,ACH-000302,-1.1700535030548138,Adherent,RPMI; 10% FBS,SNU-1077,SNU1077_ENDOMETRIUM,uterus,uterus_endometrium,,13.2
2,ACH-000304,-0.8739584829525744,Adherent,EMEM: 10% FBS,WM-115,WM115_SKIN,skin,melanoma,,51.7
2,ACH-000307,-1.3287791189040907,Adherent,"RPMI-1640: 90.0%,10%FBS",PK-1,PK1_PANCREAS,pancreas,,,17.5
3,ACH-000308,-1.0652986890887226,Adherent,RPMI; 20% FBS; 0.1mM NEAA; 1mM Sodium Pyruvate,EFO-21,EFO21_OVARY,ovary,ovary_adenocarcinoma,ovary_clear_cell,28.2
3,ACH-000310,-1.3384453086850063,Adherent,"EMEM, 10%FBS",IMR-32,IMR32_AUTONOMIC_GANGLIA,peripheral_nervous_system,neuroblastoma,,39.9
4,ACH-000311,-1.2804519906439815,Adherent,RPMI; 10% FBS,NCI-H2122,NCIH2122_LUNG,lung,lung_NSC,lung_adenocarcinoma,31.1
4,ACH-000312,-1.8764331742794824,Adherent,EMEM:F12 (1:1); 10% FBS,SK-N-BE(2),SKNBE2_AUTONOMIC_GANGLIA,peripheral_nervous_system,neuroblastoma,,49.1
2,ACH-000315,-1.262276135024281,Suspension,RPMI; 20% FBS,KARPAS-422,KARPAS422_HAEMATOPOIETIC_AND_LYMPHOID_TISSUE,lymphoma,DLBCL,,23.4
2,ACH-000316,-0.9890712273206445,Adherent,RPMI; 10% FBS,SNU-886,SNU886_LIVER,liver,,,17
2,ACH-000317,-0.904725521157607,Adherent,RPMI; 10% FBS,TUHR14TKB,TUHR14TKB_KIDNEY,kidney,,,37
2,ACH-000319,-1.0026919285681852,Adherent,DMEM: 90.0%,MPP 89,MPP89_PLEURA,mesothelioma,,,44.2
4,ACH-000320,-0.8364805790072762,Adherent,RPMI 1640 + 2mM Glutamine + 10% FBS,"PSN1, GR-M",PSN1_PANCREAS,pancreas,,,21.1
2,ACH-000322,-1.1644350375201151,Adherent,McCoy 5A: 10%FBS,HT-144,HT144_SKIN,skin,melanoma,,50.5
2,ACH-000323,-1.335499810144335,Adherent,RPMI 1640 + EMEM (1:1): 80.0%,42-MG-BA,42MGBA_CENTRAL_NERVOUS_SYSTEM,central_nervous_system,glioma,astrocytoma,27.4
3,ACH-000324,-1.5781874794975963,Adherent,DMEM:F12 (1:1); 10% FBS; 0.1mM NEAA,JHOC-5,JHOC5_OVARY,ovary,ovary_adenocarcinoma,ovary_clear_cell,17.9
2,ACH-000329,-1.1129773874450026,Adherent,RPMI-1640: 90.0%,CCF-STTG1,CCFSTTG1_CENTRAL_NERVOUS_SYSTEM,central_nervous_system,glioma,astrocytoma,18.5
2,ACH-000330,-1.3205788174865771,Adherent,RPMI; 10% FBS,EFM-19,EFM19_BREAST,breast,,,32
2,ACH-000331,-2.6970423287310887,Adherent,"DMEM: 90.0%; L-glutamine: 2.0 mM, NEAA( Non-essential Amino Acids): 5.0 ml","IST-MES2, IST-MES-2",ISTMES2_PLEURA,mesothelioma,,,36.2
4,ACH-000332,-1.4137053476389725,Adherent,RPMI-1640: 10%FBS,YAPC,YAPC_PANCREAS,pancreas,,,7
2,ACH-000334,-0.7493185993222302,Suspension,RPMI-1640: 10%FBS,DB,DB_HAEMATOPOIETIC_AND_LYMPHOID_TISSUE,lymphoma,DLBCL,,41.2
2,ACH-000335,-2.59058124020596,Adherent,RPMI-1640: 90.0%,MSTO-211H,MSTO211H_PLEURA,mesothelioma,,,19.5
2,ACH-000336,-0.7688047400826613,Suspension,"MEMalpha, 20% FBS",OCI-AML3,OCIAML3_HAEMATOPOIETIC_AND_LYMPHOID_TISSUE,leukemia,AML,,48.4
2,ACH-000337,-1.0864610235887506,Adherent,RPMI; 10% FBS,NCI-H3122,NCIH3122_LUNG,lung,lung_NSC,lung_adenocarcinoma,18.5
1,ACH-000338,-0.8992295813650779,Suspension,RPMI 1640 + 15% FBS,"SR-786, SR",SR786_HAEMATOPOIETIC_AND_LYMPHOID_TISSUE,lymphoma,ALCL,,10.4
3,ACH-000339,-1.490665479895218,Adherent,RPMI-1640: 10%FBS,,HCC461_LUNG,lung,lung_NSC,lung_adenocarcinoma,6.9
2,ACH-000341,-0.6483350642081541,Adherent,DMEM; 10% FBS; NEAA,SK-N-FI,SKNFI_AUTONOMIC_GANGLIA,peripheral_nervous_system,neuroblastoma,,69
2,ACH-000348,-0.9623237468656588,Adherent,RPMI-1640; 10%FBS,RPMI-7951,RPMI7951_SKIN,skin,melanoma,,18.8
3,ACH-000350,-1.598057774673777,Adherent,RPMI-1640: 10%FBS,COLO-678,COLO678_LARGE_INTESTINE,colorectal,,,10.7
2,ACH-000352,-1.428216537156202,Adherent,RPMI; 10% FBS,HCC1428,HCC1428_BREAST,breast,ERpos,,7.5
2,ACH-000356,-1.7338305488764651,Adherent,RPMI; 10% FBS,MKN-45,MKN45_STOMACH,gastric,gastric_adenocarcinoma,diffuse_gastric,23.9
2,ACH-000361,-1.7843805815854876,Adherent,EMEM: 10.0% FBS,SK-HEP-1,SKHEP1_LIVER,liver,,,19.1
3,ACH-000362,-1.5586213931372883,Suspension,RPMI;20% FBS; ,MOLM-13,MOLM13_HAEMATOPOIETIC_AND_LYMPHOID_TISSUE,leukemia,AML,,
2,ACH-000363,-1.2739355148796685,Suspension,RPMI; 10% FBS,SK-MM-2,SKMM2_HAEMATOPOIETIC_AND_LYMPHOID_TISSUE,multiple_myeloma,,,4.7
2,ACH-000364,-1.5860132623460792,Adherent,McCoy's 5A; 10% FBS,"U-2 OS, U2-OS, U-2 OS",U2OS_BONE,bone,osteosarcoma,,52.6
2,ACH-000365,-1.9742415563674696,Suspension,RPMI; 20% FBS,SU-DHL-4,SUDHL4_HAEMATOPOIETIC_AND_LYMPHOID_TISSUE,lymphoma,DLBCL,,26.9
2,ACH-000366,-1.2603880137970274,Adherent,DMEM; 10% FBS; NEAA,SK-N-DZ,SKNDZ_AUTONOMIC_GANGLIA,peripheral_nervous_system,neuroblastoma,,21.3
2,ACH-000368,-1.0534117553564641,Adherent,RPMI; 10% FBS,SNU-1105,SNU1105_CENTRAL_NERVOUS_SYSTEM,central_nervous_system,glioma,glioblastoma,27.4
2,ACH-000374,-1.648933409976071,Adherent,RPMI; 10% FBS,HCC1143,HCC1143_BREAST,breast,TNBC,,16
2,ACH-000376,-1.6716396909875195,Adherent,RPMI; 10% FBS,SF-295,SF295_CENTRAL_NERVOUS_SYSTEM,central_nervous_system,glioma,glioblastoma,20.9
3,ACH-000381,-1.4089972553309011,Adherent,DMEM:F12(1:1); 5%FBS; 2mMGlutamine,T84,T84_LARGE_INTESTINE,colorectal,,,19.7
2,ACH-000383,-1.042932613152758,Adherent,RPMI; 10% FBS,OE33,OE33_OESOPHAGUS,esophagus,esophagus_adenocarcinoma,,10.4
3,ACH-000387,-1.3042345523764545,Suspension,RPMI-1640: 10%FBS; 2ng/ml GM-CSF,TF-1,TF1_HAEMATOPOIETIC_AND_LYMPHOID_TISSUE,leukemia,AML,,good
2,ACH-000389,-2.0427968492620434,Adherent,RPMI-1640: 10%FBS,H4,H4_CENTRAL_NERVOUS_SYSTEM,central_nervous_system,glioma,,27.1
2,ACH-000390,-1.1993862649924951,Adherent,RPMI; 10% FBS,LUDLU-1,LUDLU1_LUNG,lung,lung_NSC,lung_squamous,13.2
2,ACH-000393,-1.0664548273573828,Adherent,EMEM; 10% FBS,HLF,HLF_LIVER,liver,,,NO VALUES 8.16.16
3,ACH-000395,-1.5354611080335114,Adherent,RPMI; 10% FBS,NCI-H520,NCIH520_LUNG,lung,lung_NSC,lung_squamous,13.4
2,ACH-000397,-1.130637485026472,Adherent,Minimum Essential Media (MEM): 90.0%;10%FBS,TEN,TEN_ENDOMETRIUM,uterus,uterus_endometrium,,18.8
2,ACH-000401,-1.1048579680462136,Adherent,RPMI-1640: 10%FBS,COLO-800,COLO800_SKIN,skin,melanoma,,23.2
3,ACH-000403,-1.2459065024362332,Adherent,RPMI; 10% FBS,NCI-H747,NCIH747_LARGE_INTESTINE,colorectal,,,15.4
1,ACH-000404,-1.1076679750552587,Adherent,RPMI;10% FBS; ,K029AX,K029AX_SKIN,skin,melanoma,,55.2
3,ACH-000406,-1.2476338495584298,Suspension,RPMI;10% FBS; ,U-937,U937_HAEMATOPOIETIC_AND_LYMPHOID_TISSUE,leukemia,AML,,23.9
2,ACH-000407,-1.3599744721884324,Adherent,RPMI;10% FBS; ,SNU-685,SNU685_ENDOMETRIUM,uterus,uterus_endometrium,,15.9
2,ACH-000408,-1.0117496177238858,Adherent,RPMI-1640: 10%FBS,TE-5,TE5_OESOPHAGUS,esophagus,esophagus_squamous,,35.9
2,ACH-000410,-1.3726368689629131,Adherent,McCoy's 5A; 15% FBS,Saos-2,SAOS2_BONE,bone,osteosarcoma,,40
2,ACH-000411,-1.6064077657639455,Adherent,RPMI;10% FBS; ,769-P,769P_KIDNEY,kidney,,,16.7
4,ACH-000414,-1.465610838724434,Adherent,RPMI; 10% FBS,NCI-H1944,NCIH1944_LUNG,lung,lung_NSC,lung_adenocarcinoma,37.5
2,ACH-000415,-1.1405842029835502,Adherent,DMEM;10% FBS; ,BICR 6,BICR6_UPPER_AERODIGESTIVE_TRACT,upper_aerodigestive,upper_aerodigestive_squamous,,10.6
2,ACH-000416,-1.5264132573349494,Adherent,RPMI; 10% FBS,NCI-H838,NCIH838_LUNG,lung,lung_NSC,lung_adenocarcinoma,15.2
2,ACH-000420,-1.3414201043439336,Adherent,RPMI; 10% FBS,SNU-449,SNU449_LIVER,liver,,,10.8
3,ACH-000421,-1.6119379663914908,Adherent,RPMI; 10% FBS,SW 837,SW837_LARGE_INTESTINE,colorectal,,,9.9
2,ACH-000425,-1.1358913426301804,Adherent,RPMI-1640: 10%FBS,UACC-62,UACC62_SKIN,skin,melanoma,,26.9
2,ACH-000426,-0.7415933853705762,Suspension,RPMI; 10% FBS,KMS-20,KMS20_HAEMATOPOIETIC_AND_LYMPHOID_TISSUE,multiple_myeloma,,,55.4
2,ACH-000427,-0.6830087597091685,Adherent,RPMI; 10% FBS,NCI-N87,NCIN87_STOMACH,gastric,gastric_adenocarcinoma,,49.2
2,ACH-000433,-1.3951941326110031,Adherent,McCoy's 5A; 10% FBS,Caki-1,CAKI1_KIDNEY,kidney,,,49.5
1,ACH-000435,-0.5856729204178966,Adherent,RPMI; 10% FBS,EFE-184,EFE184_ENDOMETRIUM,uterus,uterus_endometrium,,17.8
2,ACH-000436,-1.4237715861317173,Suspension,RPMI; 10% FBS,OCI-MY7,OCIMY7_HAEMATOPOIETIC_AND_LYMPHOID_TISSUE,multiple_myeloma,,,17.5
2,ACH-000444,-1.4685695593134127,Adherent,RPMI; 10% FBS,LU99,LU99_LUNG,lung,lung_NSC,lung_large,43
1,ACH-000445,-1.0790783980212983,Adherent,DMEM; 5% FBS,KNS-60,KNS60_CENTRAL_NERVOUS_SYSTEM,central_nervous_system,glioma,glioblastoma,28.8
2,ACH-000448,-1.4158489351458914,Mixed Adherent and Suspension,ACL4 (FBS free),NCI-H1666,NCIH1666_LUNG,lung,lung_NSC,lung_adenocarcinoma,5.8
2,ACH-000450,-1.0622576823515018,Adherent,RPMI-1640: 10%FBS,MEL-HO,MELHO_SKIN,skin,melanoma,,41.4
2,ACH-000452,-0.9678712826424832,Adherent,RPMI-1640: 10%FBS,TE-8,TE8_OESOPHAGUS,esophagus,esophagus_squamous,,28.5
2,ACH-000454,-1.5671667333115344,Adherent,RPMI; 10% FBS,HCC-95,HCC95_LUNG,lung,lung_NSC,lung_squamous,13.3
2,ACH-000458,-1.9487571793191019,Adherent,Hams F-12; 10% FBS,CJM,CJM_SKIN,skin,melanoma,,10.7
2,ACH-000459,-1.205587759825768,Adherent,RPMI-1640: 90.0%,TUHR10TKB,TUHR10TKB_KIDNEY,kidney,,,54.8
3,ACH-000460,-1.741016388731314,Adherent,RPMI; 10% FBS,SNU-8,SNU8_OVARY,ovary,ovary_adenocarcinoma,ovary_high_grade_serous,13.1
1,ACH-000461,-1.4348616164677306,Adherent,"RPMI1640 with L-glutamine (300mg/L), 25mM HEPES and 25mM NaHCO3, 90%; heat inactivated fetal bovine serum (FBS), 10%",SNU-1196,SNU1196_BILIARY_TRACT,bile_duct,cholangiocarcinoma,extrahepatic,17.1
2,ACH-000463,-1.7359175063266867,Adherent,RPMI; 10% FBS,NCI-H460,NCIH460_LUNG,lung,lung_NSC,lung_large,16.9
2,ACH-000464,-0.8856012520974085,Adherent,DMEM; 10% FBS,CAS-1,CAS1_CENTRAL_NERVOUS_SYSTEM,central_nervous_system,glioma,glioblastoma,42.9
3,ACH-000467,-1.7198963430429268,Adherent,EMEM; 10% FBS,HCC-56,HCC56_LARGE_INTESTINE,colorectal,,,28.1
3,ACH-000468,-0.8855645132225405,Adherent,RPMI-1640: 10%FBS,PK-45H,PK45H_PANCREAS,pancreas,,,15.9
2,ACH-000469,-1.39255761744826,Adherent,EMEM: 80.0%; 20%FBS,YH-13,YH13_CENTRAL_NERVOUS_SYSTEM,central_nervous_system,glioma,glioblastoma,48.2
3,ACH-000470,-1.1776986966014942,Adherent,RPMI-1640: 10%FBS,SW1463,SW1463_LARGE_INTESTINE,colorectal,,,21.4
2,ACH-000471,-1.116171774006119,Adherent,RPMI; 10% FBS,Li-7,LI7_LIVER,liver,,,6.9
2,ACH-000472,-0.9698094793649596,Adherent,EMEM; 10% FBS,HSC-2,HSC2_UPPER_AERODIGESTIVE_TRACT,upper_aerodigestive,upper_aerodigestive_squamous,,17.1
2,ACH-000473,-1.1721084047062322,Adherent,RPMI; 10% FBS,RT-112,RT112_URINARY_TRACT,urinary_tract,,,32.2
2,ACH-000475,-1.6381913640876895,Adherent ,DMEM;10% FBS; ,huH-1,HUH1_LIVER,liver,,,3.9
2,ACH-000476,-1.5907486737860643,Adherent,EMEM; 10% FBS,JHH-4,JHH4_LIVER,liver,,,45.6
2,ACH-000477,-0.7543588480093498,Adherent,RPMI; 10% FBS,Malme-3M,MALME3M_SKIN,skin,melanoma,,53.4
2,ACH-000479,-1.2057439458005372,Adherent,DMEM; 5% FBS,KNS-81,KNS81_CENTRAL_NERVOUS_SYSTEM,central_nervous_system,glioma,glioblastoma,60
2,ACH-000480,-1.2499431858232803,Adherent,DMEM; 10% FBS,HuH-7,HUH7_LIVER,liver,,,47.9
3,ACH-000481,-1.2041671130653444,Adherent,RPMI;10% FBS; ,NCI-H2170,NCIH2170_LUNG,lung,lung_NSC,lung_squamous,14.4
2,ACH-000483,-0.8018481997054061,Adherent,RPMI; 10% FBS,SNU-182,SNU182_LIVER,liver,,,36.6
1,ACH-000484,-0.9683093756418256,Adherent,EMEM; 10% FBS,VMRC-RCW,VMRCRCW_KIDNEY,kidney,,,8.7
2,ACH-000485,-1.547020022763684,Semi-adherent,RPMI-1640: 10%FBS,GSU,GSU_STOMACH,gastric,gastric_adenocarcinoma,,15.3
2,ACH-000486,-1.733219650606607,Adherent,RPMI; 10%heat inactive FBS,KU-19-19,KU1919_URINARY_TRACT,urinary_tract,,,33.3
2,ACH-000487,-2.1133734191530267,Suspension,RPMI; 20% FBS; 10 ng/ml GM-CSF,F-36P,F36P_HAEMATOPOIETIC_AND_LYMPHOID_TISSUE,leukemia,AML,,17.7
2,ACH-000490,-1.6818446789945731,Adherent,DMEM; 10% FBS,SF767,SF767_CERVIX,cervix,,,8.2
3,ACH-000491,-1.8656364440453792,Semi-adherent,RPMI; 10% FBS,NCI-H716,NCIH716_LARGE_INTESTINE,colorectal,,,8
1,ACH-000495,-1.127239759455294,Adherent,DMEM;10% FBS; ,TUHR4TKB,TUHR4TKB_KIDNEY,kidney,,,22.8
4,ACH-000496,-1.0421250832512725,Adherent,RPMI; 10% FBS,NCI-H1792,NCIH1792_LUNG,lung,lung_NSC,lung_adenocarcinoma,14.3
2,ACH-000499,-1.2112680800011928,Adherent,DMEM; 10% FBS; 2mM L-glutamine,EW8,EW8_BONE,bone,Ewing_sarcoma,,43.2
3,ACH-000502,-1.517645141994969,Adherent,RPMI-1640: 10%FBS,TCC-PAN2,TCCPAN2_PANCREAS,pancreas,,,16.3
2,ACH-000503,-0.9579607368161642,Adherent,DMEM;10% FBS; ,BICR 16,BICR16_UPPER_AERODIGESTIVE_TRACT,upper_aerodigestive,upper_aerodigestive_squamous,,26.3
2,ACH-000505,-0.9493041419242256,Adherent,HamsF12; 10% FBS,RKN,RKN_SOFT_TISSUE,soft_tissue,leiomyosarcoma,,17.8
2,ACH-000507,-1.7851752615291514,Adherent,RPMI-1640: 10%FBS,KE-39,KE39_STOMACH,gastric,gastric_adenocarcinoma,,30
2,ACH-000510,-1.1815714733216014,Adherent,RPMI; 10% FBS,NCI-H1299,NCIH1299_LUNG,lung,lung_NSC,lung_large,35.2
2,ACH-000511,-1.1686212119213182,Adherent,McCoy's 5A; 10% FBS,Calu-1,CALU1_LUNG,lung,lung_NSC,lung_squamous,21.3
1,ACH-000512,-1.7365944774747737,Suspension,RPMI; 20%FBS; 5 ng/mL IL-6,INA-6,INA6_HAEMATOPOIETIC_AND_LYMPHOID_TISSUE,multiple_myeloma,,,1.5
2,ACH-000516,-0.9473988659806494,Adherent,RPMI-1640: 80.0%,CAL-78,CAL78_BONE,bone,chondrosarcoma,,33.4
3,ACH-000517,-1.113201326259951,Adherent,RPMI-1640: 10%FBS,SNU-410,SNU410_PANCREAS,pancreas,,,18.6
2,ACH-000518,-0.9613344480200406,,DMEM;10% FBS; ,CAL-33,CAL33_UPPER_AERODIGESTIVE_TRACT,upper_aerodigestive,upper_aerodigestive_squamous,,14.3
2,ACH-000520,-1.3050465119207508,Adherent,"DMEM; 10% FBS + 2 mM Glutamine, sodium pyruvate, ITS",59M,59M_OVARY,ovary,ovary_adenocarcinoma,ovary_high_grade_serous,5.7
3,ACH-000521,-1.2680515917314408,Adherent,RPMI; 10% FBS,NCI-H2030,NCIH2030_LUNG,lung,lung_NSC,lung_adenocarcinoma,14.2
2,ACH-000522,-1.4168472851424438,Adherent,EMEM; 10% FBS,UM-UC-3,UMUC3_URINARY_TRACT,urinary_tract,,,11.7
3,ACH-000524,-1.0769681176855337,Adherent,RPMI; 10% FBS,KURAMOCHI,KURAMOCHI_OVARY,ovary,ovary_adenocarcinoma,ovary_high_grade_serous,47.9
3,ACH-000527,-1.4879140364967267,Adherent,RPMI; 10% FBS,OVISE,OVISE_OVARY,ovary,ovary_adenocarcinoma,ovary_clear_cell,31.8
3,ACH-000528,-1.965315616242422,Adherent,EMEM; 10% FBS,ABC-1,ABC1_LUNG,lung,lung_NSC,lung_adenocarcinoma,22.5
1,ACH-000537,-1.3397856278722582,Adherent,RPMI; 10% FBS,SNU-761,SNU761_LIVER,liver,,,10.9
1,ACH-000541,-2.052286872857032,Suspension,RPMI; 10% FBS,KMS-34,KMS34_HAEMATOPOIETIC_AND_LYMPHOID_TISSUE,multiple_myeloma,,,2.6
3,ACH-000542,-1.7167419639251815,Adherent,RPMI; 10% FBS,Hey-A8,HEYA8_OVARY,ovary,ovary_adenocarcinoma,ovary_low_grade_serous,7.1
2,ACH-000544,-1.735824892510902,Adherent,RPMI-1640: 90.0%,OE21,OE21_OESOPHAGUS,esophagus,esophagus_squamous,,15.4
2,ACH-000545,-1.5984080281264197,Adherent,DMEM: 90.0%; 10%FBS,VM-CUB1,VMCUB1_URINARY_TRACT,urinary_tract,,,32.8
2,ACH-000547,-1.0988582899522403,Adherent,EMEM; 10% FBS,HT-1197,HT1197_URINARY_TRACT,urinary_tract,,,28
2,ACH-000548,-1.2313031156571703,Adherent,DMEM;10% FBS; ,BHY,BHY_UPPER_AERODIGESTIVE_TRACT,upper_aerodigestive,upper_aerodigestive_squamous,,8.8
2,ACH-000549,-1.844616036459108,,"RPMI1640 with L-glutamine (300mg/L), 25mM HEPES and 25mM NaHCO3, 90%; heat inactivated fetal bovine serum (FBS), 10%",SNU-1076,SNU1076_UPPER_AERODIGESTIVE_TRACT,upper_aerodigestive,upper_aerodigestive_squamous,,15
2,ACH-000550,-0.9252781768401828,Adherent,DMEM; 15% FBS,IGR-39,IGR39_SKIN,skin,melanoma,,28.9
2,ACH-000552,-1.8995208486742945,Adherent,McCoy's 5A; 10% FBS,HT-29,HT29_LARGE_INTESTINE,colorectal,,,14.8
2,ACH-000556,-1.571571607527039,Adherent,EMEM; 10% FBS,SIHA,SIHA_CERVIX,cervix,,,9.5
2,ACH-000569,-1.5942408543206088,Adherent,DMEM: 90.0%; 2mMGlutamax-1,IST-MES1,ISTMES1_PLEURA,mesothelioma,,,20
2,ACH-000570,-1.3356069150406369,Adherent,DMEM; 10% FBS,YKG1,YKG1_CENTRAL_NERVOUS_SYSTEM,central_nervous_system,glioma,glioblastoma,21.1
2,ACH-000571,-0.792765884421979,Adherent,EMEM; 10% FBS,T98G,T98G_CENTRAL_NERVOUS_SYSTEM,central_nervous_system,glioma,glioblastoma,20.4
3,ACH-000573,-1.1290366381150292,Semi-adherent,RPMI; 10% FBS; 16ug/ml glutathione,MDA-MB-436,MDAMB436_BREAST,breast,TNBC,,47.3
2,ACH-000576,-1.9054728564578065,Suspension,RPMI; 10% FBS,KMS-27,KMS27_HAEMATOPOIETIC_AND_LYMPHOID_TISSUE,multiple_myeloma,,,11
1,ACH-000579,-1.4052336415297295,Adherent,RPMI-1640; 10%FBS,UACC-257,UACC257_SKIN,skin,melanoma,,18.7
2,ACH-000580,-1.0627701023126126,Adherent,EMEM; 10% FBS; 0.1mM NEAA,C32,C32_SKIN,skin,melanoma,,33.9
3,ACH-000584,-1.24448151393493,Adherent,DMEM:F12 (1:1); 10% FBS,JHOS-4,JHOS4_OVARY,ovary,ovary_adenocarcinoma,ovary_high_grade_serous,27.1
3,ACH-000585,-1.0818129535747083,Adherent,RPMI; 20% FBS,EPLC-272H,EPLC272H_LUNG,lung,lung_NSC,lung_squamous,14.2
2,ACH-000588,-1.5466694218370984,Suspension,RPMI; 10% FBS,KMS-26,KMS26_HAEMATOPOIETIC_AND_LYMPHOID_TISSUE,multiple_myeloma,,,23.9
3,ACH-000589,-1.9066943186518541,Adherent,RPMI; 10% FBS,NCI-H1437,NCIH1437_LUNG,lung,lung_NSC,lung_adenocarcinoma,9.2
2,ACH-000591,-1.038488661247895,Adherent,DMEM; 10% FBS,LN-235,LN235_CENTRAL_NERVOUS_SYSTEM,central_nervous_system,glioma,astrocytoma,12.7
2,ACH-000593,-1.3558517734500564,Adherent,M10,BC-3C,BC3C_URINARY_TRACT,urinary_tract,,,4.9
2,ACH-000600,-1.3440293793688989,Adherent,RPMI; 10% FBS,SLR 26,SLR26_KIDNEY,kidney,,,16.6
4,ACH-000601,-2.4585038093754386,Adherent,DMEM; 10% FBS,MIA PaCa-2,MIAPACA2_PANCREAS,pancreas,,,11.7
2,ACH-000605,-1.11096857633109,Adherent,RPMI; 10% FBS,TE-6,TE6_OESOPHAGUS,esophagus,esophagus_squamous,,40
2,ACH-000606,-2.1484141562005847,Adherent,IMDM; 10% FBS;2mM Glutamine,PE/CA-PJ34 (clone C12),PECAPJ34CLONEC12_UPPER_AERODIGESTIVE_TRACT,upper_aerodigestive,upper_aerodigestive_squamous,,19.8
3,ACH-000608,-0.8963016025963113,Adherent,DMEM; 10% FBS; 2mM L-glutamine,COV644,COV644_OVARY,ovary,ovary_adenocarcinoma,ovary_mucinous,11.5
2,ACH-000614,-1.0169612311341425,Adherent,RPMI-1640; 10%FBS,RVH-421,RVH421_SKIN,skin,melanoma,,48.2
2,ACH-000618,-1.2509470086367052,Adherent,"90% RPMI1640 with L-glutamine (300mg/L), 25mM HEPES and 25mM NaHCO3 + 10% h.i. FBS",SNU-1041,SNU1041_UPPER_AERODIGESTIVE_TRACT,upper_aerodigestive,upper_aerodigestive_squamous,,55.7
2,ACH-000619,-1.6313350569509235,,IMDM; 10% FBS;2mM Glutamine,PE/CA-PJ15,PECAPJ15_UPPER_AERODIGESTIVE_TRACT,upper_aerodigestive,upper_aerodigestive_squamous,,18.4
2,ACH-000620,-1.462880978218844,Adherent,William's E Medium; 10%FBS,JHH-1,JHH1_LIVER,liver,,,37.3
3,ACH-000621,-0.9595820008163772,Adherent,RPMI; 10% FBS,MDA-MB-157,MDAMB157_BREAST,breast,TNBC,,8
2,ACH-000622,-0.914336726908516,Adherent,EMEM; 5% FBS,KNS-42,KNS42_CENTRAL_NERVOUS_SYSTEM,central_nervous_system,glioma,glioblastoma,38.1
2,ACH-000623,-1.0225304187923698,Adherent,RPMI; 10% FBS,SNU-201,SNU201_CENTRAL_NERVOUS_SYSTEM,central_nervous_system,glioma,glioblastoma,22.7
3,ACH-000624,-1.5023789467099802,Adherent,RPMI; 10% FBS,HCC1806,HCC1806_BREAST,breast,TNBC,,2.6
2,ACH-000627,-1.2911293484010669,Adherent,RPMI;10% FBS; ,LCLC-103H,LCLC103H_LUNG,lung,lung_NSC,lung_large,6.4
2,ACH-000630,-1.5932188459323329,Adherent,RPMI-1640: 90.0%;10%FBS,YD-8,YD8_UPPER_AERODIGESTIVE_TRACT,upper_aerodigestive,upper_aerodigestive_squamous,,34.4
2,ACH-000631,-1.1105300843014934,Adherent,Minimum Essential Media (MEM): 90.0%; 2mMGlutamax-1,KS-1,KS1_CENTRAL_NERVOUS_SYSTEM,central_nervous_system,glioma,astrocytoma,49.6
2,ACH-000632,-1.3104141188831302,Adherent,DMEM; 10% FBS,Hs 944.T,HS944T_SKIN,skin,melanoma,,11.3
2,ACH-000633,-1.549835405285621,Adherent,DMEM;10% FBS; Human Insulin: 0.01 mg/mL,FU97,FU97_STOMACH,gastric,gastric_adenocarcinoma,diffuse_gastric,31.2
4,ACH-000638,-2.2273135415265606,Adherent,RPMI; 10% FBS,NCI-H441,NCIH441_LUNG,lung,lung_NSC,lung_adenocarcinoma,19
2,ACH-000646,-1.020022655115224,Adherent,RPMI; 10% FBS,OVMANA,OVMANA_OVARY,ovary,ovary_adenocarcinoma,ovary_clear_cell,50.5
2,ACH-000647,-1.350841115540897,Adherent,RPMI-1640: 10%FBS,TE-1,TE1_OESOPHAGUS,esophagus,esophagus_squamous,,8.5
2,ACH-000648,-1.005490153814772,Adherent,RPMI-1640: 90.0%,NCI-H28,NCIH28_PLEURA,mesothelioma,,,58
3,ACH-000649,-1.3456977695606025,Adherent,RPMI; 10% FBS,786-O,786O_KIDNEY,kidney,,,36.5
3,ACH-000651,-2.173701403781448,Semi-adherent,Leibovitz's L-15; 10%FBS,SW 620,SW620_LARGE_INTESTINE,colorectal,,,7.3
2,ACH-000652,-1.2175803992689302,Adherent,"RPMI-1640: 90.0%,10%FBS",SUIT-2,SUIT2_PANCREAS,pancreas,,,24.6
2,ACH-000653,-1.6157485841939538,Suspension,DMEM:IMDM (1:1); 20% FBS,JJN-3,JJN3_HAEMATOPOIETIC_AND_LYMPHOID_TISSUE,multiple_myeloma,,,2.4
2,ACH-000657,-2.4719624104413858,Adherent,RPMI; 10% FBS,A2780,A2780_OVARY,ovary,ovary_adenocarcinoma,ovary_endometrioid,16.7
2,ACH-000658,-1.2696132754379097,Suspension,RPMI; 10% FBS,KMS-18,KMS18_HAEMATOPOIETIC_AND_LYMPHOID_TISSUE,multiple_myeloma,,,9.5
2,ACH-000661,-0.9925790121188328,Adherent,RPMI-1640: 10%FBS,WM1799,WM1799_SKIN,skin,melanoma,,30.8
1,ACH-000662,-1.308986764427308,Adherent,RPMI; 10% FBS; 2mM glutamine,"COR-L23, COR-L23/CPR",CORL23_LUNG,lung,lung_NSC,lung_large,34.9
2,ACH-000663,-0.9792920640872854,Adherent,RPMI;10% FBS; ,OVTOKO,OVTOKO_OVARY,ovary,ovary_adenocarcinoma,ovary_clear_cell,42.9
2,ACH-000665,-1.312398174742959,Adherent,DMEM; 10% FBS,SK-MES-1,SKMES1_LUNG,lung,lung_NSC,lung_squamous,11.3
2,ACH-000671,-1.2750485644094216,Adherent,DMEM; 10% FBS,HuH-6,HUH6_LIVER,liver,hepatoblastoma,,14.8
2,ACH-000673,-1.119723892719218,Adherent,DMEM; 10% FBS,LN-443,LN443_CENTRAL_NERVOUS_SYSTEM,central_nervous_system,glioma,glioblastoma,no data in flow data 
2,ACH-000676,-1.4686022484121493,Adherent,DMEM; 10% FBS,LN-464,LN464_CENTRAL_NERVOUS_SYSTEM,central_nervous_system,glioma,glioblastoma,no data in flow data 
2,ACH-000677,-1.1185449972141108,Adherent,Leibovitz's L-15; 10%FBS,SW 1573,SW1573_LUNG,lung,lung_NSC,lung_squamous,10.8
4,ACH-000681,-1.9387884858666908,Adherent,DMEM; 10% FBS,A549,A549_LUNG,lung,lung_NSC,lung_adenocarcinoma,17.2
3,ACH-000683,-1.0942956548760168,Adherent,RPMI;10% FBS; ,SNU-503,SNU503_LARGE_INTESTINE,colorectal,,,22.8
3,ACH-000684,-1.6468801085271862,Adherent,DMEM;10% FBS; ,KMRC-1,KMRC1_KIDNEY,kidney,,,21.6
2,ACH-000688,-0.7896598452945998,Adherent,DMEM:F12 (1:1); 5% FBS; 2mM L-glutamine; 0.5ug/ml hydrocortisone; 10ug/ml insulin,OV7,OV7_OVARY,ovary,ovary_adenocarcinoma,ovary_clear_cell,12.7
2,ACH-000693,-1.792538461238934,Adherent,RPMI; 10% FBS,KYSE-180,KYSE180_OESOPHAGUS,esophagus,esophagus_squamous,,32.1
1,ACH-000695,-1.3084692733856973,Suspension,RPMI-1640: 10%FBS; 2mMGlutamax-1,COR-L47,CORL47_LUNG,lung,lung_small,,39.7
3,ACH-000696,-2.158543349702549,Adherent,RPMI; 10% FBS,OVCAR-8,OVCAR8_OVARY,ovary,ovary_adenocarcinoma,ovary_high_grade_serous,39.8
2,ACH-000697,-1.7505863866095936,Suspension,RPMI;10% FBS; ,A3/KAW,A3KAW_HAEMATOPOIETIC_AND_LYMPHOID_TISSUE,lymphoma,DLBCL,,28.2
3,ACH-000699,-0.9783601915300479,Adherent,RPMI; 10% FBS,HCC1395,HCC1395_BREAST,breast,TNBC,,52.6
2,ACH-000701,-0.9424419169090884,Adherent,HamsF12; 10% FBS,RMUG-S,RMUGS_OVARY,ovary,ovary_adenocarcinoma,ovary_mucinous,35.3
2,ACH-000706,-1.3987719512208403,Adherent,RPMI-1640: 90.0%,EKVX,EKVX_LUNG,lung,lung_NSC,lung_adenocarcinoma,17.7
3,ACH-000711,-1.8690755389155125,Adherent,RPMI; 10% FBS,JIMT-1,JIMT1_BREAST,breast,HER2Amp,,4.5
3,ACH-000713,-2.0117046398080656,Adherent,DMEM; 10% FBS,Caov-3,CAOV3_OVARY,ovary,ovary_adenocarcinoma,ovary_high_grade_serous,22.6
1,ACH-000714,-1.8854375250230089,Suspension,RPMI; 10% FBS,KMS-11,KMS11_HAEMATOPOIETIC_AND_LYMPHOID_TISSUE,multiple_myeloma,,,3.9
3,ACH-000718,-1.1533762551940614,Adherent,RPMI; 10% FBS,NCI-H2291,NCIH2291_LUNG,lung,lung_NSC,lung_adenocarcinoma,29.7
2,ACH-000720,-1.4875005056056163,Adherent,EMEM; 10% FBS; 1mM NEAA; 1mM Sodium Pyruvate,TCCSUP,TCCSUP_URINARY_TRACT,urinary_tract,,,19.1
2,ACH-000721,-1.620331350874482,Adherent,RPMI-1640: 10%FBS,HMC-1-8,HMC18_BREAST,breast,,,3.4
2,ACH-000724,-0.6774277274223924,Adherent,EMEM; 10% FBS,HT-1376,HT1376_URINARY_TRACT,urinary_tract,,,48.6
2,ACH-000725,-1.1831619807357658,Adherent,RPMI; 10% FBS,HCC202,HCC202_BREAST,breast,HER2Amp,,16.8
2,ACH-000732,-1.6279287973862957,Adherent,"Iscove (IMDM): 90.0%, GLUTAMAX",PE/CA-PJ41 (clone D2),PECAPJ41CLONED2_UPPER_AERODIGESTIVE_TRACT,upper_aerodigestive,upper_aerodigestive_squamous,,14
3,ACH-000734,-1.5458075667255768,Adherent,William's E Medium: 90.0%,JHH-5,JHH5_LIVER,liver,,,25.1
2,ACH-000736,-2.2013286804830985,Adherent,RPMI-1640; 10%FBS,SNU-601,SNU601_STOMACH,gastric,gastric_adenocarcinoma,,7.7
2,ACH-000738,-1.8333836479042316,Adherent,EMEM; 10% FBS,GB-1,GB1_CENTRAL_NERVOUS_SYSTEM,central_nervous_system,glioma,glioblastoma,11
2,ACH-000746,-1.5105005632493862,Suspension,RPMI-1640; 10%FBS,GSS,GSS_STOMACH,gastric,gastric_adenocarcinoma,,12.1
2,ACH-000747,-2.1482833872262783,Adherent,RPMI-1640: 10% FBS,NCI-H1703,NCIH1703_LUNG,lung,lung_NSC,lung_adenocarcinoma,9
1,ACH-000748,-1.3062821337671475,Adherent,RPMI; 10% FBS,SJSA-1,SJSA1_BONE,bone,osteosarcoma,,44.7
2,ACH-000753,-1.2976556253005271,Adherent,RPMI-1640: 10%FBS; 2mMGlutamax-1,JMSU-1,JMSU1_URINARY_TRACT,urinary_tract,,,55
1,ACH-000756,-1.3791717933857734,Adherent,DMEM: 90.0%,GI-1,GI1_CENTRAL_NERVOUS_SYSTEM,central_nervous_system,glioma,,4.1
3,ACH-000757,-1.4669832474594704,Adherent,DMEM with 10%FBS,A427,A427_LUNG,lung,lung_NSC,lung_adenocarcinoma,33.7
2,ACH-000758,-1.8863881512294127,Adherent,"RPMI-1640: 90.0%,10%FBS",MKN74,MKN74_STOMACH,gastric,gastric_adenocarcinoma,,7.3
2,ACH-000760,-1.5671192674137748,Adherent,DMEM; 10% FBS,LNZ308,LNZ308_CENTRAL_NERVOUS_SYSTEM,central_nervous_system,glioma,glioblastoma,10.2
2,ACH-000762,-1.3580413043764141,Adherent,RPMI-1640; 10%FBS,YD-38,YD38_UPPER_AERODIGESTIVE_TRACT,upper_aerodigestive,upper_aerodigestive_squamous,,16.1
2,ACH-000763,-1.156996963450185,Semi-adherent,RPMI; 10% FBS,MM1-S,MM1S_HAEMATOPOIETIC_AND_LYMPHOID_TISSUE,multiple_myeloma,,,6.9
2,ACH-000764,-0.9380156099880422,Adherent,RPMI-1640: 10%FBS,SH-10-TC,SH10TC_STOMACH,gastric,gastric_adenocarcinoma,,29.1
2,ACH-000765,-1.2209987868859509,Adherent,RPMI-1640: 10%FBS,WM-983B,WM983B_SKIN,skin,melanoma,,13.1
4,ACH-000766,-1.490472780752348,Adherent,RPMI; 10% FBS,NCI-H1648,NCIH1648_LUNG,lung,lung_NSC,lung_adenocarcinoma,12.1
2,ACH-000767,-1.554989641347212,Suspension,RPMI; 10% FBS,NCI-H526,NCIH526_LUNG,lung,lung_small,,22.4
2,ACH-000768,-2.014465734320636,Adherent,RPMI; 10% FBS,MDA-MB-231,MDAMB231_BREAST,breast,TNBC,,9
3,ACH-000769,-1.6937160911864275,Adherent,DMEM; 10% FBS;,LK-2,LK2_LUNG,lung,lung_NSC,lung_squamous,18.5
3,ACH-000770,-2.117991543380815,Suspension,RPMI;10% FBS; ,P31/FUJ,P31FUJ_HAEMATOPOIETIC_AND_LYMPHOID_TISSUE,leukemia,AML,,12.4
2,ACH-000771,-1.9056988638846477,,DMEM; 10% FBS; 2mM Glutamine; 0.4ug/ml hydrocortisone,BICR 56,BICR56_UPPER_AERODIGESTIVE_TRACT,upper_aerodigestive,upper_aerodigestive_squamous,,19.3
3,ACH-000773,-1.4191398806384286,Suspension,RPMI 1640 + 20% FBS,Ki-JK,KIJK_HAEMATOPOIETIC_AND_LYMPHOID_TISSUE,lymphoma,ALCL,,16.8
2,ACH-000776,-1.8049878328784248,Adherent,RPMI; 10% FBS,ONS-76,ONS76_CENTRAL_NERVOUS_SYSTEM,central_nervous_system,medulloblastoma,non-MYC,6.5
2,ACH-000777,-1.4710121112730312,Adherent,RPMI:F12 (1:1); 20% FBS,KYSE-30,KYSE30_OESOPHAGUS,esophagus,esophagus_squamous,,11
2,ACH-000778,-0.7519314672955553,Adherent,EMEM; 10% FBS,HSC-3,HSC3_UPPER_AERODIGESTIVE_TRACT,upper_aerodigestive,upper_aerodigestive_squamous,,20.2
4,ACH-000781,-1.406509987224929,Adherent,DMEM:F12 (1:1); 5% FBS; 0.005 mgml Insulin; 0.01 mgml transferrin; 30 nM sodium selenite; 10 nM hydrocortisone; 10 nM beta estradiol; 10 mM HEPES; 2 mM L-glutamine,NCI-H2023,NCIH2023_LUNG,lung,lung_NSC,lung_adenocarcinoma,15.2
2,ACH-000782,-2.356081454525744,Suspension,IMDM; 10% FBS,SEM,SEM_HAEMATOPOIETIC_AND_LYMPHOID_TISSUE,leukemia,B-cell_ALL,,25.4
3,ACH-000783,-1.2920953315857209,Adherent,EMEM;10% FBS; ,CAMA-1,CAMA1_BREAST,breast,ERpos,,6.5
2,ACH-000784,-1.6716885765824108,Adherent,RPMI; 10% FBS,KYSE-70,KYSE70_OESOPHAGUS,esophagus,esophagus_squamous,,13.6
3,ACH-000785,-1.2657944426685146,Adherent,DMEM:F12 (1:1); 5% FBS; 0.005 mg/ml Insulin; 0.01 mg/ml transferrin; 30 nM sodium selenite; 10 nM hydrocortisone; 10 nM beta estradiol; 10 mM HEPES; 2 mM L-glutamine,NCI-H2126,NCIH2126_LUNG,lung,lung_NSC,lung_adenocarcinoma,18.7
3,ACH-000787,-1.5141288850660608,Adherent,Hams F-12; 10% FBS,LXF-289,LXF289_LUNG,lung,lung_NSC,lung_adenocarcinoma,17.8
2,ACH-000788,-1.3900305827163115,Adherent,DMEM; 10% FBS,A2058,A2058_SKIN,skin,melanoma,,0
4,ACH-000791,-1.4652299406534646,Adherent,RPMI; 10% FBS,RERF-LC-Ad1,RERFLCAD1_LUNG,lung,lung_NSC,lung_adenocarcinoma,12.8
2,ACH-000792,-0.9945539341488816,Adherent,DMEM;10 % FBS; ,BFTC-909,BFTC909_KIDNEY,kidney,,,38.8
2,ACH-000794,-1.533629240424324,Adherent,DMEM; 10% FBS; 2mM Glutamine; 0.4ug/ml hydrocortisone,BICR 22,BICR22_UPPER_AERODIGESTIVE_TRACT,upper_aerodigestive,upper_aerodigestive_squamous,,5.6
2,ACH-000796,-1.1830847421546673,Adherent,EMEM: 85.0% 15%FBS,MCAS,MCAS_OVARY,ovary,ovary_adenocarcinoma,ovary_mucinous,9.8
2,ACH-000798,-1.1908267422514374,Adherent,DMEM/F-12 (1:1): 80.0%,CL-40,CL40_LARGE_INTESTINE,colorectal,,,23.9
2,ACH-000799,-1.2223661276602409,Adherent,EMEM: 10% FBS,Hs 695T,HS695T_SKIN,skin,melanoma,,37.8
2,ACH-000800,-0.9896700042425108,Adherent,RPMI; 10% FBS,NCI-H446,NCIH446_LUNG,lung,lung_small,,17.2
2,ACH-000802,-1.3668443710047784,Adherent,DMEM: 90.0%,BFTC-905,BFTC905_URINARY_TRACT,urinary_tract,,,38.8
3,ACH-000804,-1.0999322763792083,Adherent,RPMI-1640: 10%FBS,NB-1,NB1_AUTONOMIC_GANGLIA,peripheral_nervous_system,neuroblastoma,,35.6
2,ACH-000805,-1.4249823015162548,Adherent,RPMI;10% FBS; ,COLO-679,COLO679_SKIN,skin,melanoma,,25.9
2,ACH-000809,-1.4837966083099767,Adherent,RPMI-1640: 90.0%,KYSE-410,KYSE410_OESOPHAGUS,esophagus,esophagus_squamous,,8.7
1,ACH-000810,-0.8597951911972188,Adherent,RPMI-1640; 10%FBS,SK-MEL-30,SKMEL30_SKIN,skin,melanoma,,30.3
3,ACH-000811,-0.8266988537069189,Adherent,McCoy's 5A; 10% FBS,SK-OV-3,SKOV3_OVARY,ovary,ovary_adenocarcinoma,ovary_serous,20.6
2,ACH-000817,-2.24042752578092,Adherent+Suspension,RPMI; 10% FBS,RPMI 8226,RPMI8226_HAEMATOPOIETIC_AND_LYMPHOID_TISSUE,multiple_myeloma,,,39.3
2,ACH-000819,-1.4563203874710209,Adherent,DMEM; 5% FBS,LN-18,LN18_CENTRAL_NERVOUS_SYSTEM,central_nervous_system,glioma,glioblastoma,19.5
1,ACH-000820,-0.6294611712180999,Adherent,Leibovitz's L-15; 10%FBS,SW403,SW403_LARGE_INTESTINE,colorectal,,,75.2
2,ACH-000821,-1.0009975148388646,Semi-adherent,IMDM; 10% FBS,EJM,EJM_HAEMATOPOIETIC_AND_LYMPHOID_TISSUE,multiple_myeloma,,,23.9
2,ACH-000822,-0.9516597230206504,Adherent,EMEM: 10%FBS,SK-MEL-24,SKMEL24_SKIN,skin,melanoma,,20.9
2,ACH-000823,-1.4852464262794949,Adherent,RPMI-1640: 10%FBS,KYSE-140,KYSE140_OESOPHAGUS,esophagus,esophagus_squamous,,7
2,ACH-000824,-1.1070446330517254,Adherent,RPMI; 10% FBS,KYSE-510,KYSE510_OESOPHAGUS,esophagus,esophagus_squamous,,6
2,ACH-000827,-1.5343522655169313,Adherent,RPMI-1640: 10%FBS,WM-793,WM793_SKIN,skin,melanoma,,45
2,ACH-000829,-2.0630638888433017,Suspension,RPMI-1640: 85.0%,HuNS1,HUNS1_HAEMATOPOIETIC_AND_LYMPHOID_TISSUE,multiple_myeloma,,,29.8
2,ACH-000831,-2.6235231935999166,Adherent,EMEM; 15% FBS; ,HEC-50B,HEC50B_ENDOMETRIUM,uterus,uterus_endometrium,,12.6
1,ACH-000832,-2.5905520841981287,,DMEM;10% FBS; ,CAL 27,CAL27_UPPER_AERODIGESTIVE_TRACT,upper_aerodigestive,upper_aerodigestive_squamous,,14.3
2,ACH-000833,-0.8196307160712543,Adherent,RPMI;10% FBS; ,RH-30,RH30_SOFT_TISSUE,rhabdomyosarcoma,,,38.5
2,ACH-000834,-1.4392027410795347,Adherent,"EMEM; 10% FBS, 2mMGlutamax-1, 1xNEAA",UM-UC-1,UMUC1_URINARY_TRACT,urinary_tract,,,33.7
2,ACH-000835,-1.4060638497006503,,M10,GCT,GCT_SOFT_TISSUE,soft_tissue,pleomorphic_sarcoma,,20.2
2,ACH-000836,-1.78875949076317,Adherent,RPMI-1640: 90.0%,YD-15,YD15_SALIVARY_GLAND,upper_aerodigestive,upper_aerodigestive_squamous,,5.7
4,ACH-000837,-1.2438383769268957,Adherent,RPMI;10% FBS; 2%Glutamine,NCI-H322,NCIH322_LUNG,lung,lung_NSC,lung_adenocarcinoma,20.5
1,ACH-000838,-0.9233583152546616,Suspension,RPMI-1640: 90.0%,AMO-1,AMO1_HAEMATOPOIETIC_AND_LYMPHOID_TISSUE,multiple_myeloma,,,37
2,ACH-000839,-1.4300005210069602,Adherent,"E10+ L-glutamine: 2.0 mM, NEAA( Non-essential Amino Acids): 0.1 mM, Sodium Pyruvate: 0.1 mM",SCaBER,SCABER_URINARY_TRACT,urinary_tract,,,46
2,ACH-000840,-1.7097467577518581,Adherent,RPMI; 10% FBS,HCC-366,HCC366_LUNG,lung,lung_NSC,lung_mixed,14.5
4,ACH-000841,-1.6187712840417336,Adherent,RPMI; 5% FBS,NCI-H2087,NCIH2087_LUNG,lung,lung_NSC,lung_adenocarcinoma,27.7
2,ACH-000843,-1.3748953093679102,Adherent,RPMI; 10% FBS,HARA,HARA_LUNG,lung,lung_NSC,lung_squamous,39.3
2,ACH-000846,-1.9792522863443696,,EMEM: 10%FBS,FaDu,FADU_UPPER_AERODIGESTIVE_TRACT,upper_aerodigestive,upper_aerodigestive_squamous,,7.5
2,ACH-000847,-1.1744290361207574,Adherent,"Minimum Essential Media (MEM): 10%FBS,NEAA( Non-essential Amino Acids): 5.0 ml, L-glutamine: 2.0 mM",HGC-27,HGC27_STOMACH,gastric,,,40.9
2,ACH-000848,-1.782522735719262,Adherent,William's E medium with 10% FCS,JHH-7,JHH7_LIVER,liver,,,20.6
1,ACH-000849,-1.6593878987740966,Adherent,DMEM; 10% FBS,MDA-MB-468,MDAMB468_BREAST,breast,TNBC,,9.4
3,ACH-000851,-1.9274092591990235,Adherent,RPMI; 10% FBS,MOR/CPR,MORCPR_LUNG,lung,lung_NSC,lung_adenocarcinoma,22.6
3,ACH-000856,-1.492126239024173,Adherent,DMEM; 20% FBS;,CAL-51,CAL51_BREAST,breast,TNBC,,43.2
2,ACH-000858,-2.0357378613750936,Adherent,MEMalpha; 10% FBS,KNS-62,KNS62_LUNG,lung,lung_NSC,lung_squamous,20.2
2,ACH-000859,-1.2972015145631548,Adherent,RPMI; 10% FBS,HCC1954,HCC1954_BREAST,breast,HER2Amp,,33.2
3,ACH-000861,-1.1271147090216576,Adherent,RPMI; 10% FBS,HOP-62,HOP62_LUNG,lung,lung_NSC,lung_adenocarcinoma,22.6
2,ACH-000862,-1.4013653026337995,Adherent,DMEM; 10% FBS,KMBC-2,KMBC2_URINARY_TRACT,urinary_tract,,,29.4
2,ACH-000865,-1.7963965131831583,Adherent,RPMI:F12(1:1); 10% FBS,KYSE-450,KYSE450_OESOPHAGUS,esophagus,esophagus_squamous,,24.7
2,ACH-000866,-1.7687310297848529,Adherent,"RPMI; 10% FBS, 5ml insulin-transferrin-Selenium",NCI-H1048,NCIH1048_LUNG,lung,lung_small,,10.7
2,ACH-000867,-1.4331140471195492,Adherent,RPMI-1640: 90.0%,ChaGo-K-1,CHAGOK1_LUNG,lung,lung_NSC,,5.6
2,ACH-000869,-1.0920329870463246,Adherent,RPMI-1640: 90.0%,NCI-H1568,NCIH1568_LUNG,lung,lung_NSC,lung_adenocarcinoma,5.4
3,ACH-000872,-1.3889959387374116,Adherent,RPMI; 10% FBS,HCC515,HCC515_LUNG,lung,lung_NSC,lung_adenocarcinoma,27.3
2,ACH-000873,-1.6344506660287448,Adherent,RPMI 1640:F12 (1:1): 90.0%,KYSE-270,KYSE270_OESOPHAGUS,esophagus,esophagus_squamous,,15
3,ACH-000876,-1.1311112881117371,Adherent,L-15 15% FBS ;2mM Glutamine ;10mcg/mL Insulin ;10mcg/mL Glutathione,MDA-MB-415,MDAMB415_BREAST,breast,ERpos,,8
2,ACH-000878,-2.5526442328285706,Adherent,RPMI; 10% FBS,HCC-15,HCC15_LUNG,lung,lung_NSC,lung_squamous,11.9
2,ACH-000880,-1.6678192217090384,Adherent,F12K; 10% FBS,AGS,AGS_STOMACH,gastric,gastric_adenocarcinoma,,16.3
2,ACH-000881,-1.5730937033675876,Adherent,RPMI-1640: 10%FBS,MEL-JUSO,MELJUSO_SKIN,skin,melanoma,,19.8
2,ACH-000882,-1.7651311780130563,Adherent,DMEM;10% FBS; ,IGR-1,IGR1_SKIN,skin,melanoma,,8.6
2,ACH-000884,-1.9179541784550198,Adherent,RPMI-1640: 10%FBS,MDA-MB-435S,MDAMB435S_SKIN,skin,melanoma,,22.8
3,ACH-000885,-2.109491861932112,Adherent,MCDB 105:Medium 199 (1:1); 15% FBS,TOV-21G,TOV21G_OVARY,ovary,ovary_adenocarcinoma,ovary_clear_cell,37.7
2,ACH-000887,-1.3754457693137083,Adherent,DMEM; 10% FBS,SF-172,SF172_CENTRAL_NERVOUS_SYSTEM,central_nervous_system,glioma,glioblastoma,15
2,ACH-000889,-1.4568632643126056,Mixed Adherent and Suspension,RPMI; 10% FBS,KMM-1,KMM1_HAEMATOPOIETIC_AND_LYMPHOID_TISSUE,multiple_myeloma,,,6.3
2,ACH-000896,-1.5754623006715014,Adherent,"DMEM; 15% FBS, 2mMGlutamax-1",647-V,647V_URINARY_TRACT,urinary_tract,,,14.2
4,ACH-000900,-2.6132968926743803,Adherent,RPMI; 10% FBS,NCI-H23,NCIH23_LUNG,lung,lung_NSC,lung_adenocarcinoma,18.2
3,ACH-000901,-1.0160060088046805,,RPMI;10% FBS; ,HCC-1359,HCC1359_LUNG,lung,lung_NSC,lung_large,19.3
2,ACH-000905,-1.947185898085458,Light Adherent or Suspension ,RPMI-1640: 90.0%,5637,5637_URINARY_TRACT,urinary_tract,,,4.9
3,ACH-000906,-1.4712219476235515,Adherent,RPMI;10% FBS; ,ES-2,ES2_OVARY,ovary,ovary_adenocarcinoma,ovary_clear_cell,5.9
2,ACH-000907,-1.07788300077324,Adherent,RPMI;10% FBS; ,SNU-349,SNU349_KIDNEY,kidney,,,26.8
3,ACH-000910,-1.2083841920078828,Adherent,RPMI; 10% FBS,MDA-MB-453,MDAMB453_BREAST,breast,TNBC,,18
2,ACH-000911,-2.2956801695115843,Adherent,RPMI; 10% FBS,NUGC-3,NUGC3_STOMACH,gastric,gastric_adenocarcinoma,,16.2
2,ACH-000912,-2.0744284091263934,Adherent,DMEM/F12 (1:1);10 % FBS; 1ml Insulin-transferrin-selenium,NCI-H2286,NCIH2286_LUNG,lung,lung_small,,24.4
2,ACH-000913,-1.267709974074247,Adherent,RPMI-1640: 20%FBS,ESS-1,ESS1_ENDOMETRIUM,uterus,uterus_endometrium,,41.4
1,ACH-000915,-1.7251667940224509,Adherent,RPMI-1640; 10%FBS,IPC-298,IPC298_SKIN,skin,melanoma,,5.7
2,ACH-000916,-0.6672021435724671,Adherent,"RPMI-1640: 95%,5%FBS",NCI-H1573,NCIH1573_LUNG,lung,lung_NSC,lung_adenocarcinoma,48
2,ACH-000917,-1.322439557105566,Adherent,RPMI-1640: 10%FBS,TE-4,TE4_OESOPHAGUS,esophagus,esophagus_squamous,,36.2
2,ACH-000920,-0.7591704645355501,Suspension,RPMI-1640: 90.0%,CML-T1,CMLT1_HAEMATOPOIETIC_AND_LYMPHOID_TISSUE,leukemia,CML,,47.8
2,ACH-000921,-1.7868358176559582,Adherent,RPMI-1640: 20%FBS,NCI-H1339,NCIH1339_LUNG,lung,lung_small,,7.2
2,ACH-000924,-1.7313850588892146,Adherent,RPMI-1640: 90.0%,NCI-H2172,NCIH2172_LUNG,lung,lung_NSC,,13
3,ACH-000926,-1.0987330202102612,Adherent,E20+Glu+NEAA,HT55,HT55_LARGE_INTESTINE,colorectal,,,30.6
2,ACH-000928,-1.0688409682512978,Adherent,"DMEM/F-12 (1:1): 85.0%, 15%FBS",JHUEM-1,JHUEM1_ENDOMETRIUM,uterus,uterus_endometrium,,42.5
2,ACH-000929,-1.1267999238332864,Adherent,RPMI; 10% FBS,NCI-H2110,NCIH2110_LUNG,lung,lung_NSC,,32.2
2,ACH-000932,-1.9367471417269213,Suspension,RPMI-1640: 90.0%,SNU-1,SNU1_STOMACH,gastric,,,14.6
3,ACH-000935,-1.7381755339045568,Adherent,DMEM; 10% FBS;2mM Glutamine ,MDST8,MDST8_LARGE_INTESTINE,colorectal,,,27.8
2,ACH-000936,-1.6435105558981145,Adherent,RPMI; 20% FBS; 0.1mM NEAA; 1mM Sodium Pyruvate,EFO-27,EFO27_OVARY,ovary,ovary_adenocarcinoma,ovary_endometrioid,28.2
2,ACH-000937,-1.8437918930047792,Suspension,RPMI; 10% FBS,PF-382,PF382_HAEMATOPOIETIC_AND_LYMPHOID_TISSUE,leukemia,T-cell_ALL,,28.8
2,ACH-000938,-1.8812159705948481,Suspensions,RPMI; 15% FBS,NALM-6,NALM6_HAEMATOPOIETIC_AND_LYMPHOID_TISSUE,leukemia,B-cell_ALL,,13.4
2,ACH-000939,-1.34197197929404,Adherent,EMEM: 90.0%,SK-UT-1,SKUT1_SOFT_TISSUE,soft_tissue,leiomyosarcoma,,50.4
2,ACH-000941,-1.0597921340181589,Adherent,EMEM: 90.0% 10%FBS,HEC-1-B,HEC1B_ENDOMETRIUM,uterus,uterus_endometrium,,35.5
3,ACH-000943,-1.5848296290462252,Adherent,MEM10,RKO,RKO_LARGE_INTESTINE,colorectal,colorectal_MSI,,50.9
3,ACH-000947,-2.178283779148384,Adherent,MEM10,OVK18,OVK18_OVARY,ovary,ovary_adenocarcinoma,ovary_endometrioid,17.7
3,ACH-000950,-0.9323811472188288,Adherent,F12; 10% FBS; 2mMGlutamax-1; 1500mg/L NaHCO3 (2 vols of 100X),LoVo,LOVO_LARGE_INTESTINE,colorectal,colorectal_MSI,,46.6
2,ACH-000953,-1.7681855820491093,Suspension,RPMI; 10% FBS,"SUP-T1, Sup-T1",SUPT1_HAEMATOPOIETIC_AND_LYMPHOID_TISSUE,leukemia,T-cell_ALL,,7.1
2,ACH-000954,-1.1452131928844265,Adherent,McCoy's 5A; 10% FBS,HEC-1-A,HEC1A_ENDOMETRIUM,uterus,uterus_endometrium,,8.4
2,ACH-000957,-2.199361749853729,Adherent,"EMEM, 10%FBS",LS 180,LS180_LARGE_INTESTINE,colorectal,colorectal_MSI,,47
2,ACH-000958,-1.7526073216070617,Semi-adherent,RPMI-1640: 90.0%,SW48,SW48_LARGE_INTESTINE,colorectal,colorectal_MSI,,35.8
2,ACH-000960,-1.5817833848841472,Suspension,RPMI; 10% FBS,Reh,REH_HAEMATOPOIETIC_AND_LYMPHOID_TISSUE,leukemia,B-cell_ALL,,35
2,ACH-000963,-0.5128662691031677,Adherent,"EMEM, 10%FBS",CCK-81,CCK81_LARGE_INTESTINE,colorectal,colorectal_MSI,,49.9
2,ACH-000968,-1.460008279409193,Adherent,RPMI;10% FBS; ,COLO 792,COLO792_SKIN,skin,melanoma,,36.8
3,ACH-000969,-2.162947662472354,Semi-Adherent,R10,KM12,KM12_LARGE_INTESTINE,colorectal,colorectal_MSI,,19.9
2,ACH-000972,-1.2307278889573965,Adherent,EMEM; 15% FBS,HEC-151,HEC151_ENDOMETRIUM,uterus,uterus_endometrium,,44
1,ACH-000973,-1.6032131237740548,Adherent,DMEM; 10% FBS,639-V,639V_URINARY_TRACT,urinary_tract,,,20.3
2,ACH-000974,-1.7518874636284674,Adherent,Ham F-12: 80.0%,SNG-M,SNGM_ENDOMETRIUM,uterus,uterus_endometrium,,9.8
2,ACH-000978,-0.5819832435525694,Adherent,RPMI-1640: 10%FBS,EN,EN_ENDOMETRIUM,uterus,uterus_endometrium,,28
2,ACH-000984,-1.4115987112976462,Adherent,EMEM; 15% FBS,HEC-6,HEC6_ENDOMETRIUM,uterus,uterus_endometrium,,38.1
3,ACH-000986,-1.8494165131260971,Adherent,"DMEM;15%FBS, 2mMGlutamax-1",HT115,HT115_LARGE_INTESTINE,colorectal,,,29.8
2,ACH-000988,-0.841971320327654,Adherent,40% RPMI 1640 + 40% MEM (with Earle's salts) + 20% h.i. FBS,MFE-319,MFE319_ENDOMETRIUM,uterus,uterus_endometrium,,42.1
2,ACH-000993,-1.1244634399510343,Adherent,"DMEM/F-12 (1:1),10%FBS,Plus NEAA",JHUEM-7,JHUEM7_ENDOMETRIUM,uterus,uterus_endometrium,,30.2
2,ACH-000994,-1.1278533676947078,Adherent,EMEM; 15% FBS; ,HEC-59,HEC59_ENDOMETRIUM,uterus,uterus_endometrium,,33.5
2,ACH-000996,-1.8843103143457591,Adherent,EMEM;0.15% FBS; ,HEC-251,HEC251_ENDOMETRIUM,uterus,uterus_endometrium,,17.4
1,ACH-001001,-2.1046273697614164,Adherent,EMEM; 10% FBS; 0.015 mg/ml 5-bromo-2'-seoxyuridine,143B,143B_BONE,bone,osteosarcoma,,11
2,ACH-001020,-1.2945971804800451,Adherent,DMEM; 10% FBS,BT-16,BT16_SOFT_TISSUE,rhabdoid,,,52.3
2,ACH-001028,-1.6593437227178691,Mixed Adherent and Suspension,IMDM + 20% FBS + 4mM Glutamine + 1X Insulin-Transferrin-Selenium,CHLA-06,CHLA06ATRT_SOFT_TISSUE,rhabdoid,,,45.2
2,ACH-001031,-1.375356569127259,Adherent,"Iscove (IMDM): 20%FBS: 2mMGlutamax; 005 mg/ml insulin, .01 mg/ml transferrin, 30nM sodium selenite",CHLA-266,CHLA266_SOFT_TISSUE,rhabdoid,,,35.8
2,ACH-001038,-1.648509350421583,Light Adherent or Suspension ,IMDM + 20% FBS + 4mM Glutamine + 1X Insulin-Transferrin-Selenium,COG-E-352,COGE352_BONE,bone,Ewing_sarcoma,,1.8
2,ACH-001048,-1.432988921195166,Adherent,DMEM; 10% FBS; 2mM L-glutamine,COV504,COV504_OVARY,ovary,ovary_adenocarcinoma,ovary_high_grade_serous,13
2,ACH-001050,-1.0455568248567872,Adherent,DMEM HG; 10%FBS,CW9019,CW9019_SOFT_TISSUE,rhabdomyosarcoma,,,19.3
3,ACH-001053,-1.3259986369463994,Semi-Adherent,"DMEM; 10% FBS; 2mM L-glutamine, 2mM sodium pyruvate",D425,D425_CENTRAL_NERVOUS_SYSTEM,central_nervous_system,medulloblastoma,med_group_3,21.8
3,ACH-001054,-1.706920484570318,Semi-Adherent,DMEM:F12 (1:1); 15% FBS,D458,D458_CENTRAL_NERVOUS_SYSTEM,central_nervous_system,medulloblastoma,med_group_3,26.4
3,ACH-001061,-2.1159827165902243,Adherent,RPMI 1640 + 10% FBS,DLD-1,DLD1_LARGE_INTESTINE,colorectal,,,25.9
2,ACH-001067,-2.3491168949830654,Adherent,RPMI; 10% FBS,F5,F5_CENTRAL_NERVOUS_SYSTEM,central_nervous_system,meningioma,,44.7
1,ACH-001075,-1.6866665838096713,Adherent,RPMI; 10% FBS,"NCI-H292, H292",NCIH292_LUNG,lung,lung_NSC,,29.4
2,ACH-001096,-1.5837321000466469,Adherent,RPMI;10% FBS; ,"JR, JR-1",JR_SOFT_TISSUE,rhabdomyosarcoma,,,52.4
3,ACH-001111,-0.8802357531176429,Suspension,RPMI + 10% FBS,L82,L82_HAEMATOPOIETIC_AND_LYMPHOID_TISSUE,lymphoma,T-cell_lymphoma_other,,26
3,ACH-001119,-1.1014149137223883,Suspension,RPMI; 15% FBS,Mac-2A,MAC2A_HAEMATOPOIETIC_AND_LYMPHOID_TISSUE,lymphoma,T-cell_lymphoma_other,,27.5
2,ACH-001128,-1.835720307450424,Adherent,R10,MON,MON_SOFT_TISSUE,rhabdoid,,,25.8
2,ACH-001134,-1.776615832407676,Suspension,RPMI + 2mM Glutamine + 100 U/ml IL-2 + 100 U/ml IL-4 + 10% human AB serum,MYLA,MYLA_HAEMATOPOIETIC_AND_LYMPHOID_TISSUE,lymphoma,T-cell_lymphoma_other,,10.7
2,ACH-001151,-1.0721046519165671,Adherent,"RPMI-1640: 95.0%, 5% FBS",OVCAR-5,OVCAR5_OVARY,ovary,ovary_adenocarcinoma,ovary_high_grade_serous,16.5
2,ACH-001163,-1.5129300395916387,Adherent,RPMI; 10% FBS,"PEDS005TPFAD, Peds005T Adh, Peds005T_PF_AD",CCLFPEDS0001T_KIDNEY,kidney,,,10.2
2,ACH-001164,-1.2235892472281351,Adherent,"Ham F-12: 25.0%, DMEM: 75.0%, Penicillin-Streptomycin: 550.0 ug/mL, Human Insulin: 5.0 ug/mL, Y-27632: 5.0 uM, Cholera toxin: 8.6 ng/mL, L-glutamine: 2.0 mM, EGF: 10.0 ng/mL, Hydrocortisone: 0.4 ug/mL, Fungizone: 0.25 ug/mL, Gentamicin: 10.0 ug/mL
","Peds015T, Peds015T(icat043)",CCLFPEDS0003T_SOFT_TISSUE,soft_tissue,sarcoma_undifferentiated,,61
2,ACH-001183,-1.7071180423104446,,,,RT11284_URINARY_TRACT,urinary_tract,,,32.2
2,ACH-001193,-0.9061266870130276,,,SK-PN-DW,SKPNDW_BONE,bone,Ewing_sarcoma,,31.2
2,ACH-001196,-1.1918688020363328,Adherent,DMEM; 10%FBS,SMS-CTR,SMSCTR_SOFT_TISSUE,rhabdomyosarcoma,,,38.2
3,ACH-001197,-1.7868532254310527,Suspension,R10,SMZ-1,SMZ1_HAEMATOPOIETIC_AND_LYMPHOID_TISSUE,lymphoma,,,24
2,ACH-001205,-2.1138390137068845,Adherent,RPMI; 10% FBS; 2mM glutamine,TC-32,TC32_BONE,bone,Ewing_sarcoma,,42.3
2,ACH-001211,-1.4761484808580492,Adherent,R10,TTC-549,TTC549_SOFT_TISSUE,rhabdoid,,,29.2
2,ACH-001228,-1.0642554166886322,,"EMEM; 10% FBS, 2mMGlutamax-1","UPCISCC152, UPCI:SCC152",UPCISCC152_UPPER_AERODIGESTIVE_TRACT,upper_aerodigestive,upper_aerodigestive_squamous,,NO VALUES 8.16.16
1,ACH-001232,-1.5164574363880314,Adherent,D:F10+Glu,,UW228_CENTRAL_NERVOUS_SYSTEM,central_nervous_system,medulloblastoma,non-MYC,12.3
2,ACH-001239,-1.56691366748254,Adherent,DMEM; 10% FBS,WM-266-4,WM2664_SKIN,skin,melanoma,,28.5
2,ACH-001270,-0.9752739457846246,Adherent,D20+1mM Sodium pyruvate,1273/99,127399_SOFT_TISSUE,soft_tissue,synovial_sarcoma,,51.9
2,ACH-001274,-1.1946706619893233,Adherent,D20+1mM Sodium pyruvate,SW982,SW982_SOFT_TISSUE,soft_tissue,synovial_sarcoma,,17
2,ACH-001275,-1.7071091264975746,Adherent,D20+1mM Sodium pyruvate,SYO1,SYO1_SOFT_TISSUE,soft_tissue,synovial_sarcoma,,16.7
2,ACH-001277,-0.9445323581644806,Adherent,D20+1mM Sodium pyruvate,Yamato,YAMATO_SOFT_TISSUE,soft_tissue,synovial_sarcoma,,19
2,ACH-001278,-1.4603123843516552,Adherent,"20% FBS, 40% DMEM, 40% DMEM/F12",BIN-67,BIN67_OVARY,rhabdoid,,,57
2,ACH-001280,-0.950139474116516,Adherent,D20+SP,SCS-214,SCS214_SOFT_TISSUE,soft_tissue,synovial_sarcoma,,52.8
2,ACH-001283,-1.6423688956092255,Adherent,"RPMI-1640: 90.0%; 10%heat inactive FBS,2mMGlutamax",TC-106,TC106_BONE,bone,Ewing_sarcoma,,39.8
2,ACH-001289,-1.408618664576426,Suspension,IMDM + 20% FBS + 4mM Glutamine + 1X Insulin-Transferrin-Selenium,COG-AR-359,COGAR359_SOFT_TISSUE,rhabdoid,,,18.3
2,ACH-001300,-1.6861828817812972,Semi-adherent,IMDM + 20% FBS + 4mM Glutamine + 1X Insulin-Transferrin-Selenium,CHLA15,CHLA15_AUTONOMIC_GANGLIA,peripheral_nervous_system,neuroblastoma,,9
2,ACH-001301,-1.6582057369412664,Adherent,IMDM + 20% FBS + 4mM Glutamine + 1X Insulin-Transferrin-Selenium,COGN278,COGN278_AUTONOMIC_GANGLIA,peripheral_nervous_system,neuroblastoma,,33.1
2,ACH-001302,-1.012762627144048,Semi-adherent,IMDM + 20% FBS + 4mM Glutamine + 1X Insulin-Transferrin-Selenium,COGN305,COGN305_AUTONOMIC_GANGLIA,peripheral_nervous_system,neuroblastoma,,16.5
2,ACH-001306,-1.0019904511131903,Adherent,RPMI-1640: 85.0%,8305C,8305C_THYROID,thyroid,,,8.6
2,ACH-001318,-1.7178422762574364,Adherent,DMEM; 10% FBS,PLC/PRF/5,PLCPRF5_LIVER,liver,,,15.7
2,ACH-001322,-1.7726409994809351,Adherent,D20+1mM Sodium pyruvate,CME-1,CME1_SOFT_TISSUE,soft_tissue,synovial_sarcoma,,30.1
2,ACH-001328,-1.7868037042799814,Adherent,DMEM + 10% FBS,A-431,A431_SKIN,skin,epidermoid_carcinoma,,13.5
2,ACH-001332,-1.5198127349149162,Adherent,DMEM; 10% FBS; Glut; Hrydrocortisone,BICR 78,BICR78_UPPER_AERODIGESTIVE_TRACT,upper_aerodigestive,upper_aerodigestive_squamous,,7.5
2,ACH-001346,-1.492145182813312,Adherent,"HITES 10%FBS + 2mM glutamine, 0.5 ug/mL sodium hydrocortisone succinate",H103,H103_UPPER_AERODIGESTIVE_TRACT,upper_aerodigestive,buccal_mucosa,,11.3
2,ACH-001353,-1.1622979074850706,Adherent,I10,JOPACA-1,JOPACA1_PANCREAS,pancreas,,,4.2
2,ACH-001368,-2.0318819534892274,Suspension,R20,OAC-M5.1,OACM51_OESOPHAGUS,esophagus,esophagus_adenocarcinoma,,20.2
2,ACH-001377,-1.7560699455388302,Adherent,D:K(1:1)20+,PACADD-137,PACADD137_PANCREAS,pancreas,,,32.7
2,ACH-001380,-2.0949173914848638,Adherent,D:KSFM (1:1)20+K-SFM,PACADD-165,PACADD165_PANCREAS,pancreas,,,3.7
2,ACH-001430,-1.0074845980799834,Light Adherent or Suspension ,"RPMI-1640: 90.0%; 10%heat inactive FBS,2mMGlutamax",TC138,TC138_BONE,bone,Ewing_sarcoma,,33.3
2,ACH-001431,-1.3995081687530464,Adherent,"RPMI-1640: 90.0%; 10%heat inactive FBS,2mMGlutamax",TC205,TC205_BONE,bone,Ewing_sarcoma,,46.4
2,ACH-001496,-1.819209326755051,Semi-Adherent,R10+ 2mM glutamine,ESO26,ESO26_OESOPHAGUS,esophagus,esophagus_adenocarcinoma,,7.7
2,ACH-001532,-2.8593188288570595,Adherent,D10 heat inactivated FBS,JMU-RTK-2,JMURTK2_SOFT_TISSUE,rhabdoid,,,30.5
2,ACH-001552,-1.0540140226949342,Adherent,RPMI 1640 (with 2mM L-Glutamine+25mM HEPES) + 15% FCSRPMI 1640 (with 2mM L-Glutamine+25mM HEPES) + 15% FCS,MCC26,MCC26_SKIN,skin,Merkel,,49.3
2,ACH-001654,-1.5780976678668868,Adherent,RPMI-1640 + 2mM Glutamine + 10% Foetal Bovine Serum (FBS),SK-GT-4,SKGT4_OESOPHAGUS,esophagus,esophagus_adenocarcinoma,,11.6
1,ACH-001737,-0.6368401154233323,Suspension,RPMI-1640; 10%FBS,HSB2,HSB2_HAEMATOPOIETIC_AND_LYMPHOID_TISSUE,leukemia,T-cell_ALL,,32.9
3,ACH-001740,-0.917701008892498,Adherent,D10,RH28,RH28_SOFT_TISSUE,rhabdomyosarcoma,,,60.8
3,ACH-001745,-1.082400970240195,Adherent,DMEM 10% FBS,RhJT,RHJT_SOFT_TISSUE,rhabdomyosarcoma,,,64.4
3,ACH-001765,-1.854366368950896,Adherent,DMEM 10% FBS,Rh4,RH4_SOFT_TISSUE,rhabdomyosarcoma,,,27.4
